State,NAICS,Meaning,Year,Value_D,"Relative standard error for estimate of sales, value of shipments, or revenue (%)",Payroll_D,Relative standard error for estimate of annual payroll (%),FirstQuarter,Relative standard error for estimate of first-quarter payroll (%),Employees_C,Relative standard error for estimate of number of employees (%),Production workers for pay period including March 12,Relative standard error for estimate of production workers for pay period including March 12 (%),HoursAnum_T,Relative standard error for estimate of production workers annual hours (%),WagesAnum_D,Relative standard error for estimate of production workers annual wages (%),MaterialCost_D,Relative standard error for estimate of total cost of materials  (%),ValueAdded_D,Relative standard error for estimate of value added (%),ConstantCapital_D,Relative standard error for estimate of total capital expenditures (new and used)  (%),"Range indicating percent of total sales, value of shipments, or revenue imputed",Range indicating percent of total annual payroll imputed,Range indicating percent of total employees imputed
Alabama,334,Computer and electronic product manufacturing,2021,"2,340,417",2.2,"570,597",3.4,"142,514",4.7,"7,104",1.1,"3,530",1.5,"6,192",1.8,"193,379",6.1,"998,191",11.6,"1,357,657",13.4,"34,611",1.5,30% to less than 40%,30% to less than 40%,20% to less than 30%
Alabama,3341,Computer and peripheral equipment manufacturing,2021,"88,764",0.0,"21,103",0.0,"4,973",0.0,256,0.0,112,0.0,231,0.0,"8,346",0.0,"54,743",0.0,"34,110",0.0,D,D,40% to less than 50%,40% to less than 50%,60% to less than 70%
Alabama,3342,Communications equipment manufacturing,2021,"627,923",0.0,"173,742",0.0,D,D,"1,558",0.0,447,0.0,808,0.0,D,D,D,D,"316,055",0.0,D,D,Less than 10%,Less than 10%,Less than 10%
Alabama,3343,Audio and video equipment manufacturing,2021,D,D,D,D,D,D,20 to 99 employees,D,D,D,D,D,D,D,D,D,D,D,15,0.0,D,D,D
Alabama,3344,Semiconductor and other electronic component manufacturing,2021,"373,487",4.9,"94,735",0.4,"22,525",1.3,"1,737",0.5,941,0.3,"1,749",0.4,"38,008",0.2,"238,568",4.5,D,D,D,D,10% to less than 20%,Less than 10%,20% to less than 30%
Alaska,334,Computer and electronic product manufacturing,2021,D,D,"2,685",0.0,673,0.0,37,0.0,D,D,31,0.0,"1,015",0.0,D,D,D,D,D,D,D,Less than 10%,90% to 100%
Arizona,334,Computer and electronic product manufacturing,2021,"10,437,702",0.9,"1,560,984",1.6,"381,549",1.5,"18,170",1.7,"9,284",1.6,"15,767",2.1,"534,816",0.9,"5,042,795",1.0,"5,248,271",0.9,"830,598",0.6,50% to less than 60%,50% to less than 60%,50% to less than 60%
Arizona,3341,Computer and peripheral equipment manufacturing,2021,"77,420",0.0,"15,856",0.0,"4,594",0.0,212,0.0,120,0.0,177,0.0,"6,433",0.0,"22,867",0.0,"55,328",0.0,D,D,30% to less than 40%,Less than 10%,30% to less than 40%
Arizona,3342,Communications equipment manufacturing,2021,"992,257",0.0,"257,676",0.0,"64,321",0.0,"2,799",0.0,879,0.0,"1,716",0.0,"62,529",0.0,"252,810",0.0,"747,550",0.0,"15,603",0.0,90% to 100%,90% to 100%,90% to 100%
Arizona,3343,Audio and video equipment manufacturing,2021,"55,224",0.0,"9,877",0.0,"2,349",0.0,176,0.0,144,0.0,257,0.0,"6,407",0.0,D,D,"41,981",0.0,D,D,50% to less than 60%,Less than 10%,50% to less than 60%
Arizona,3344,Semiconductor and other electronic component manufacturing,2021,"6,905,250",0.4,"773,799",2.3,"187,677",2.0,"9,518",2.1,"6,441",2.0,"10,362",2.8,"350,974",0.7,"3,796,455",0.6,"2,935,442",0.4,"793,778",0.6,30% to less than 40%,40% to less than 50%,30% to less than 40%
Arkansas,334,Computer and electronic product manufacturing,2021,"922,048",0.0,"162,134",0.0,"40,181",0.0,"2,527",0.0,"2,195",0.0,"4,191",0.0,"136,655",0.0,"296,640",0.0,"630,953",0.0,"10,067",0.0,70% to less than 80%,70% to less than 80%,60% to less than 70%
Arkansas,3341,Computer and peripheral equipment manufacturing,2021,D,D,D,D,D,D,0 to 19 employees,D,D,D,D,D,D,D,D,D,D,D,D,D,D,D,D
Arkansas,3343,Audio and video equipment manufacturing,2021,D,D,D,D,D,D,20 to 99 employees,D,D,D,D,D,D,D,D,D,D,D,D,D,D,D,D
Arkansas,3344,Semiconductor and other electronic component manufacturing,2021,D,D,D,D,D,D,500 to 999 employees,D,D,D,"1,334",0.0,D,D,D,D,D,D,D,D,D,D,D
California,334,Computer and electronic product manufacturing,2021,"68,321,679",0.6,"14,900,202",0.6,"3,716,655",0.6,"152,669",0.7,"66,016",1.1,"126,883",1.2,"4,125,121",1.1,"32,736,338",0.6,"36,701,968",0.9,"1,966,976",7.0,40% to less than 50%,40% to less than 50%,50% to less than 60%
California,3341,Computer and peripheral equipment manufacturing,2021,"5,383,651",1.1,"1,014,161",1.4,"241,651",1.7,"10,414",1.3,"2,679",6.8,"5,464",8.5,"153,991",10.0,"3,382,144",0.9,"2,064,662",2.3,"107,777",2.0,Less than 10%,Less than 10%,10% to less than 20%
California,3342,Communications equipment manufacturing,2021,"7,676,885",1.7,"2,390,915",1.6,"604,923",1.5,"21,309",2.4,"6,576",3.7,"13,072",3.8,"575,844",2.1,"3,622,401",1.6,"4,095,180",2.0,"246,606",26.2,60% to less than 70%,50% to less than 60%,80% to less than 90%
California,3343,Audio and video equipment manufacturing,2021,"928,961",4.3,"164,158",3.8,"40,351",2.0,"2,242",4.8,"1,162",4.5,"2,272",5.4,"41,158",6.3,"397,776",3.5,"663,721",23.5,"7,072",7.1,60% to less than 70%,50% to less than 60%,60% to less than 70%
California,3344,Semiconductor and other electronic component manufacturing,2021,"23,626,712",0.9,"3,856,752",1.4,"926,095",1.3,"47,159",1.4,"29,505",1.3,"55,602",1.1,"1,683,749",1.2,"13,929,076",0.8,"10,277,814",1.7,"385,244",11.0,30% to less than 40%,30% to less than 40%,30% to less than 40%
Colorado,334,Computer and electronic product manufacturing,2021,"5,167,053",2.0,"1,323,022",1.9,"343,222",2.0,"13,951",3.0,"6,072",4.7,"10,952",3.7,"398,920",2.6,"2,218,311",2.9,"3,025,128",2.3,"211,557",2.0,20% to less than 30%,10% to less than 20%,30% to less than 40%
Colorado,3341,Computer and peripheral equipment manufacturing,2021,"144,492",0.0,"57,640",0.0,"14,521",0.0,659,0.0,173,0.0,327,0.0,"9,034",0.0,"75,523",0.0,"74,409",0.0,D,D,10% to less than 20%,Less than 10%,10% to less than 20%
Colorado,3342,Communications equipment manufacturing,2021,"604,862",0.0,"152,506",0.0,"38,639",0.0,"1,478",0.0,"1,049",0.0,"1,817",0.0,"107,202",0.0,"233,766",0.0,"374,837",0.0,D,D,Less than 10%,Less than 10%,40% to less than 50%
Colorado,3343,Audio and video equipment manufacturing,2021,"15,857",0.0,"5,428",0.0,"1,358",0.0,98,0.0,58,0.0,107,0.0,"2,497",0.0,D,D,"8,213",0.0,414,0.0,10% to less than 20%,Less than 10%,90% to 100%
Colorado,3344,Semiconductor and other electronic component manufacturing,2021,"2,090,034",2.4,"467,517",2.1,"134,901",1.9,"5,377",4.1,"2,817",7.0,"4,854",6.5,"161,124",4.8,"1,294,623",1.1,"803,065",5.1,"80,151",3.8,30% to less than 40%,10% to less than 20%,30% to less than 40%
Connecticut,334,Computer and electronic product manufacturing,2021,"5,411,756",1.4,"1,038,382",2.7,"253,141",3.0,"12,877",4.0,"6,313",7.5,"11,676",8.1,"361,022",6.2,"1,840,616",2.6,"3,598,463",1.4,"110,973",2.2,40% to less than 50%,20% to less than 30%,40% to less than 50%
Connecticut,3341,Computer and peripheral equipment manufacturing,2021,"35,732",0.0,"11,545",0.0,"2,766",0.0,176,0.0,71,0.0,137,0.0,"3,474",0.0,"13,832",0.0,"21,839",0.0,D,D,Less than 10%,Less than 10%,70% to less than 80%
Connecticut,3342,Communications equipment manufacturing,2021,"819,089",4.4,"98,999",6.4,"23,495",6.2,"1,361",7.8,596,11.0,957,13.6,"26,314",5.8,"225,578",4.3,"604,933",4.3,"4,825",0.0,90% to 100%,70% to less than 80%,90% to 100%
Connecticut,3343,Audio and video equipment manufacturing,2021,D,D,D,D,D,D,20 to 99 employees,D,D,D,D,D,D,D,D,D,D,D,D,D,D,D,D
Connecticut,3344,Semiconductor and other electronic component manufacturing,2021,"845,958",3.7,"194,526",2.3,"47,740",2.3,"3,196",0.6,"2,368",0.9,"4,446",1.5,"104,476",1.1,"398,597",5.3,"457,527",4.3,"19,109",1.7,20% to less than 30%,20% to less than 30%,40% to less than 50%
Delaware,334,Computer and electronic product manufacturing,2021,"695,869",0.4,"156,875",0.1,"37,787",0.1,"1,503",0.1,585,0.1,878,0.1,"41,518",0.1,D,D,"508,582",0.4,"9,615",0.1,10% to less than 20%,10% to less than 20%,30% to less than 40%
Delaware,3341,Computer and peripheral equipment manufacturing,2021,D,D,D,D,D,D,20 to 99 employees,D,D,D,D,D,D,D,D,D,D,D,D,D,D,D,D
Delaware,3342,Communications equipment manufacturing,2021,"7,650",0.0,"1,726",0.0,D,D,20 to 99 employees,D,D,D,D,D,571,0.0,D,D,D,D,D,D,80% to less than 90%,Less than 10%,D
Delaware,3344,Semiconductor and other electronic component manufacturing,2021,D,D,D,D,D,D,116,0.0,72,0.0,129,0.0,D,D,D,D,"16,213",0.0,D,D,D,D,10% to less than 20%
Florida,334,Computer and electronic product manufacturing,2021,"13,377,674",1.0,"2,891,162",0.8,"713,698",0.9,"36,268",0.9,"17,590",1.4,"32,362",1.6,"926,794",2.4,"6,198,144",1.4,"7,154,293",1.5,"195,330",8.7,60% to less than 70%,30% to less than 40%,50% to less than 60%
Florida,3341,Computer and peripheral equipment manufacturing,2021,"1,005,607",0.5,"132,430",2.1,"29,094",2.3,"1,966",1.2,"1,135",0.2,"2,074",0.1,"40,901",0.3,D,D,"579,114",0.9,"16,984",0.1,10% to less than 20%,50% to less than 60%,80% to less than 90%
Florida,3342,Communications equipment manufacturing,2021,"3,015,157",1.6,"630,655",0.7,"169,706",0.5,"7,683",0.9,"3,578",1.0,"6,664",1.0,"281,115",0.6,"2,015,092",1.5,"996,861",1.9,"26,864",1.8,90% to 100%,Less than 10%,10% to less than 20%
Florida,3343,Audio and video equipment manufacturing,2021,"190,699",12.5,"35,718",18.1,"7,481",20.3,662,16.5,539,10.5,"1,056",10.7,"21,989",8.8,"126,042",8.3,D,D,D,D,Less than 10%,Less than 10%,20% to less than 30%
Florida,3344,Semiconductor and other electronic component manufacturing,2021,"2,142,456",3.0,"457,317",1.9,"107,851",2.1,"7,176",1.2,"4,739",1.5,"8,701",1.4,"209,341",3.8,"1,031,259",7.3,"1,068,983",3.5,D,D,30% to less than 40%,10% to less than 20%,20% to less than 30%
Georgia,334,Computer and electronic product manufacturing,2021,"2,057,132",1.8,"503,577",1.8,"131,544",1.6,"6,538",1.6,"2,934",2.5,"6,063",2.3,"167,511",1.9,"925,809",1.7,"1,146,805",2.4,"19,016",10.7,50% to less than 60%,50% to less than 60%,60% to less than 70%
Georgia,3341,Computer and peripheral equipment manufacturing,2021,"130,903",16.8,"26,657",14.9,"6,662",16.8,357,19.3,117,34.2,222,26.7,"6,129",29.0,"75,032",12.5,"56,818",22.2,D,D,20% to less than 30%,80% to less than 90%,40% to less than 50%
Georgia,3342,Communications equipment manufacturing,2021,"261,547",0.0,"100,615",0.0,"25,131",0.0,"1,236",0.0,434,0.0,869,0.0,"38,609",0.0,"103,766",0.0,"163,929",0.0,D,D,80% to less than 90%,80% to less than 90%,90% to 100%
Georgia,3343,Audio and video equipment manufacturing,2021,"5,137",0.0,"1,392",0.0,372,0.0,29,0.0,21,0.0,37,0.0,806,0.0,D,D,"2,940",0.0,D,D,60% to less than 70%,Less than 10%,70% to less than 80%
Georgia,3344,Semiconductor and other electronic component manufacturing,2021,"369,294",4.8,"53,169",4.4,"13,270",3.9,"1,020",5.2,657,6.3,"1,373",4.8,"26,840",4.4,"233,798",5.1,"136,266",5.1,D,D,40% to less than 50%,60% to less than 70%,70% to less than 80%
Hawaii,334,Computer and electronic product manufacturing,2021,D,D,"5,389",16.8,"1,259",18.1,75,18.0,D,D,70,23.4,"1,843",22.7,D,D,D,D,D,D,D,30% to less than 40%,90% to 100%
Hawaii,3341,Computer and peripheral equipment manufacturing,2021,0,X,0,X,0,X,0,X,0,X,0,X,0,X,0,X,0,X,0,X,Less than 10%,Less than 10%,Less than 10%
Hawaii,3344,Semiconductor and other electronic component manufacturing,2021,D,D,"1,089 (s)",83.3,D,D,0 to 19 employees,D,D,D,D,D,D,D,D,D,D,D,D,D,D,Less than 10%,D
Idaho,334,Computer and electronic product manufacturing,2021,"2,033,566",0.0,"1,219,480",0.0,"309,823",0.0,"9,029",0.0,"5,066",0.0,"9,619",0.0,"660,710",0.0,"643,552",0.0,"1,378,284",0.0,D,D,30% to less than 40%,Less than 10%,10% to less than 20%
Idaho,3341,Computer and peripheral equipment manufacturing,2021,D,D,D,D,D,D,250 to 499 employees,D,D,D,D,D,D,D,D,D,D,D,D,D,D,D,D
Idaho,3342,Communications equipment manufacturing,2021,D,D,D,D,D,D,100 to 249 employees,D,D,D,D,D,"2,724",0.0,D,D,D,D,D,D,D,D,D
Idaho,3343,Audio and video equipment manufacturing,2021,0,X,0,X,0,X,0,X,0,X,0,X,0,X,0,X,0,X,0,X,Less than 10%,Less than 10%,Less than 10%
Idaho,3344,Semiconductor and other electronic component manufacturing,2021,"1,348,387",0.0,"1,125,734",0.0,"284,450",0.0,"7,657",0.0,"4,338",0.0,"8,442",0.0,D,D,"425,219",0.0,"905,843",0.0,D,D,10% to less than 20%,Less than 10%,Less than 10%
Illinois,334,Computer and electronic product manufacturing,2021,"9,384,807",1.8,"1,450,761",3.6,"362,818",4.0,"19,512",3.9,"10,555",4.6,"20,651",4.2,"539,237",3.3,"4,151,637",1.5,"5,251,762",2.2,"131,884",8.6,50% to less than 60%,30% to less than 40%,40% to less than 50%
Illinois,3341,Computer and peripheral equipment manufacturing,2021,"419,449",0.0,"100,682",0.0,"24,983",0.0,"1,289",0.0,410,0.0,721,0.0,"25,370",0.0,"131,953",0.0,"288,154",0.0,D,D,10% to less than 20%,10% to less than 20%,20% to less than 30%
Illinois,3342,Communications equipment manufacturing,2021,"2,713,036",2.1,"170,533",8.8,"43,263",8.0,"2,116",9.4,"1,088",10.3,"1,979",10.0,"57,209",8.9,"1,095,942",2.7,"1,617,941",1.9,"14,608",20.6,90% to 100%,60% to less than 70%,50% to less than 60%
Illinois,3343,Audio and video equipment manufacturing,2021,"76,128",0.0,"13,415",0.0,"3,557",0.0,260,0.0,181,0.0,308,0.0,"6,006",0.0,"46,252",0.0,"30,604",0.0,D,D,40% to less than 50%,20% to less than 30%,60% to less than 70%
Illinois,3344,Semiconductor and other electronic component manufacturing,2021,"1,922,421",2.9,"430,246",3.0,"104,118",3.4,"7,730",4.6,"5,419",5.8,"10,687",4.1,"248,725",3.7,"1,043,426",3.2,"889,275",4.4,D,D,20% to less than 30%,10% to less than 20%,40% to less than 50%
Indiana,334,Computer and electronic product manufacturing,2021,"3,044,836",1.5,"678,351",3.4,"161,400",3.6,"9,937",3.4,"5,994",3.7,"11,589",2.4,"291,886",3.0,"1,358,968",0.8,"1,682,173",2.7,"70,521",1.3,30% to less than 40%,20% to less than 30%,30% to less than 40%
Indiana,3341,Computer and peripheral equipment manufacturing,2021,"177,779",0.0,"36,657",0.0,"8,887",0.0,550,0.0,293,0.0,635,0.0,D,D,D,D,"103,804",0.0,D,D,80% to less than 90%,60% to less than 70%,Less than 10%
Indiana,3342,Communications equipment manufacturing,2021,"204,383",0.0,"41,857",0.0,"9,123",0.0,479,0.0,D,D,D,D,"13,039",0.0,"45,565",0.0,"156,733",0.0,"1,829",0.0,70% to less than 80%,60% to less than 70%,70% to less than 80%
Indiana,3343,Audio and video equipment manufacturing,2021,D,D,D,D,D,D,250 to 499 employees,D,258,0.0,507,0.0,"12,568",0.0,D,D,D,D,"1,814",0.0,D,D,D
Indiana,3344,Semiconductor and other electronic component manufacturing,2021,"1,009,067",1.0,"223,996",1.2,"52,545",2.4,"3,330",4.7,"2,234",5.5,"4,326",3.5,"115,628",2.0,"605,445",1.8,"407,992",1.1,D,D,10% to less than 20%,Less than 10%,10% to less than 20%
Iowa,334,Computer and electronic product manufacturing,2021,"4,951,751",0.1,"1,135,064",0.1,"228,044",0.1,"11,289",0.1,"2,613",0.1,"4,810",0.3,"107,719",0.7,"1,334,043",0.4,"3,693,250",0.2,D,D,20% to less than 30%,10% to less than 20%,20% to less than 30%
Iowa,3341,Computer and peripheral equipment manufacturing,2021,D,D,D,D,D,D,20 to 99 employees,D,18,0.0,D,D,D,D,D,D,D,D,D,D,D,D,D
Iowa,3342,Communications equipment manufacturing,2021,D,D,D,D,D,D,250 to 499 employees,D,D,D,473,0.0,D,D,D,D,D,D,D,D,D,D,D
Iowa,3343,Audio and video equipment manufacturing,2021,D,D,D,D,D,D,0 to 19 employees,D,D,D,D,D,D,D,D,D,D,D,D,D,D,D,D
Iowa,3344,Semiconductor and other electronic component manufacturing,2021,D,D,"23,368",0.0,"5,325",0.0,502,0.0,350,0.0,642,0.0,"10,723",0.0,D,D,D,D,D,D,D,Less than 10%,60% to less than 70%
Kansas,334,Computer and electronic product manufacturing,2021,"3,319,306",0.5,"627,879",0.4,"141,682",0.2,"6,541",0.9,"1,781",0.9,"3,457",1.4,"101,072",1.6,"1,698,047",0.2,"1,604,608",1.1,"116,494",3.5,20% to less than 30%,80% to less than 90%,80% to less than 90%
Kansas,3341,Computer and peripheral equipment manufacturing,2021,D,D,D,D,D,D,0 to 19 employees,D,D,D,D,D,D,D,D,D,D,D,D,D,D,D,D
Kansas,3342,Communications equipment manufacturing,2021,D,D,D,D,D,D,100 to 249 employees,D,D,D,D,D,D,D,D,D,D,D,D,D,D,D,D
Kansas,3343,Audio and video equipment manufacturing,2021,D,D,"3,939",0.0,983,0.0,57,0.0,15,0.0,26,0.0,626,0.0,D,D,D,D,D,D,D,Less than 10%,90% to 100%
Kansas,3344,Semiconductor and other electronic component manufacturing,2021,"116,485",14.0,"35,491",7.7,"9,105",3.4,600,10.0,451,3.3,816,5.8,"18,195",9.0,"72,935",3.3,D,D,D,D,Less than 10%,Less than 10%,30% to less than 40%
Kentucky,334,Computer and electronic product manufacturing,2021,D,D,"103,007",0.1,"24,559",0.4,"1,837",2.7,"1,145",1.1,"2,209",1.6,"48,613",3.7,D,D,"244,591",5.0,D,D,D,40% to less than 50%,30% to less than 40%
Kentucky,3341,Computer and peripheral equipment manufacturing,2021,"1,689",0.0,582,0.0,145,0.0,9,0.0,D,D,D,D,D,D,D,D,935,0.0,D,D,90% to 100%,Less than 10%,90% to 100%
Kentucky,3342,Communications equipment manufacturing,2021,"233,257",0.0,"49,322",0.0,"11,752",0.0,926,0.0,668,0.0,D,D,"26,113",0.0,D,D,D,D,D,D,70% to less than 80%,40% to less than 50%,20% to less than 30%
Kentucky,3343,Audio and video equipment manufacturing,2021,D,D,"11,317",0.0,"2,649",0.0,199,0.0,D,D,133,0.0,D,D,D,D,D,D,D,D,D,Less than 10%,40% to less than 50%
Kentucky,3344,Semiconductor and other electronic component manufacturing,2021,D,D,"20,305",0.0,"4,952",0.0,344,0.0,218,0.0,368,0.0,"10,210",0.0,D,D,D,D,D,D,D,40% to less than 50%,50% to less than 60%
Louisiana,334,Computer and electronic product manufacturing,2021,"391,004",39.8,"63,435",27.5,"19,634",39.4,"1,067",20.7,524,36.6,"1,014 (s)",41.2,"30,591",35.2,"190,022 (s)",49.6,"203,007",30.9,"8,956",34.6,10% to less than 20%,50% to less than 60%,40% to less than 50%
Louisiana,3341,Computer and peripheral equipment manufacturing,2021,0,X,0,X,0,X,0,X,0,X,0,X,0,X,0,X,0,X,0,X,Less than 10%,Less than 10%,Less than 10%
Louisiana,3342,Communications equipment manufacturing,2021,D,D,"4,249",0.0,"1,068",0.0,20 to 99 employees,D,D,D,D,D,D,D,D,D,D,D,D,D,D,Less than 10%,D
Louisiana,3343,Audio and video equipment manufacturing,2021,D,D,D,D,D,D,250 to 499 employees,D,D,D,D,D,D,D,D,D,D,D,D,D,D,D,D
Louisiana,3344,Semiconductor and other electronic component manufacturing,2021,"22,042",0.0,D,D,D,D,60,0.0,D,D,82,0.0,D,D,"7,641",0.0,"14,319",0.0,D,D,70% to less than 80%,D,80% to less than 90%
Maine,334,Computer and electronic product manufacturing,2021,"1,648,460",0.0,"201,051",0.0,"58,701",0.0,"2,791",0.0,"1,581",0.0,"3,280",0.0,"82,943",0.0,"636,742",0.0,"1,043,334",0.0,"18,485",0.0,10% to less than 20%,10% to less than 20%,20% to less than 30%
Maine,3341,Computer and peripheral equipment manufacturing,2021,D,D,D,D,D,D,0 to 19 employees,D,D,D,D,D,D,D,D,D,D,D,D,D,D,D,D
Maine,3342,Communications equipment manufacturing,2021,D,D,"3,723",0.0,932,0.0,36,0.0,D,D,56,0.0,D,D,D,D,D,D,0,X,D,Less than 10%,90% to 100%
Maine,3343,Audio and video equipment manufacturing,2021,D,D,D,D,D,D,20 to 99 employees,D,D,D,D,D,D,D,D,D,D,D,D,D,D,D,D
Maine,3344,Semiconductor and other electronic component manufacturing,2021,"430,607",0.0,"106,982",0.0,"32,447",0.0,"1,554",0.0,771,0.0,"1,462",0.0,"30,906",0.0,"278,958",0.0,"159,203",0.0,D,D,30% to less than 40%,20% to less than 30%,30% to less than 40%
Maryland,334,Computer and electronic product manufacturing,2021,"7,564,565",0.8,"1,576,731",1.4,"403,301",2.1,"14,176",1.7,"4,071",5.0,"7,642",6.1,"320,460",3.5,"2,279,458",1.5,"5,330,667",1.3,"129,041",6.1,70% to less than 80%,70% to less than 80%,70% to less than 80%
Maryland,3341,Computer and peripheral equipment manufacturing,2021,"69,671",0.0,"16,993",0.0,"4,900",0.0,200,0.0,75,0.0,130,0.0,"3,789",0.0,"27,082",0.0,"42,447",0.0,D,D,50% to less than 60%,30% to less than 40%,50% to less than 60%
Maryland,3342,Communications equipment manufacturing,2021,"706,444",4.4,"263,914",2.6,"71,900",9.7,"2,541",3.0,592,7.3,"1,124",7.2,"45,032",9.5,"340,034",2.5,"375,679",6.3,"19,863",39.6,60% to less than 70%,70% to less than 80%,80% to less than 90%
Maryland,3343,Audio and video equipment manufacturing,2021,D,D,D,D,D,D,20 to 99 employees,D,D,D,D,D,D,D,D,D,D,D,D,D,D,D,D
Maryland,3344,Semiconductor and other electronic component manufacturing,2021,"465,758",11.0,"148,794",13.7,"33,402",13.8,"1,715",13.5,"1,050",19.0,"2,062",22.4,"59,849",17.1,"142,204",21.9,"320,354",19.5,D,D,20% to less than 30%,20% to less than 30%,40% to less than 50%
Massachusetts,334,Computer and electronic product manufacturing,2021,"26,211,064",0.6,"5,320,776",0.8,"1,357,976",0.6,"55,116",0.7,"20,094",1.3,"41,070",1.2,"1,222,440",1.7,"11,458,280",0.6,"14,969,014",0.7,"624,344",1.8,30% to less than 40%,20% to less than 30%,30% to less than 40%
Massachusetts,3341,Computer and peripheral equipment manufacturing,2021,"2,786,646",0.6,"169,857",1.8,"43,726",4.0,"1,752",1.3,818,0.3,"1,564",0.7,"45,139",1.0,D,D,"1,975,539",0.8,"10,830",6.9,10% to less than 20%,20% to less than 30%,30% to less than 40%
Massachusetts,3342,Communications equipment manufacturing,2021,"5,083,315",0.1,"1,425,941",0.5,"357,262",0.8,"15,326",0.1,"3,370",2.1,"6,686",2.0,"207,569",5.6,D,D,"1,668,610",0.1,D,D,Less than 10%,10% to less than 20%,Less than 10%
Massachusetts,3343,Audio and video equipment manufacturing,2021,D,D,"9,070",0.0,"2,153",0.0,185,0.0,111,0.0,201,0.0,"4,444",0.0,D,D,D,D,444,0.0,D,40% to less than 50%,10% to less than 20%
Massachusetts,3344,Semiconductor and other electronic component manufacturing,2021,"5,857,985",1.2,"971,899",1.4,"232,478",1.5,"10,427",1.9,"5,388",2.5,"11,216",2.7,"340,018",3.9,"2,453,351",1.1,"3,510,231",1.5,"111,636",2.5,20% to less than 30%,30% to less than 40%,20% to less than 30%
Michigan,334,Computer and electronic product manufacturing,2021,"3,942,511",14.9,"1,042,136",1.2,"255,811",2.2,"13,751",1.5,"6,485",2.0,"12,589",2.3,"325,028",2.4,"1,418,886",24.2,"2,518,277",9.9,"69,646",5.7,20% to less than 30%,20% to less than 30%,30% to less than 40%
Michigan,3341,Computer and peripheral equipment manufacturing,2021,"122,021",0.0,"29,488",0.0,"6,491",0.0,403,0.0,196,0.0,318,0.0,"6,957",0.0,"60,266",0.0,"61,933",0.0,"1,048",0.0,30% to less than 40%,30% to less than 40%,70% to less than 80%
Michigan,3342,Communications equipment manufacturing,2021,"442,113",18.1,"51,551",15.3,"14,052",9.0,705,18.5,385,16.6,598,28.9,"19,162",10.8,"149,343",34.8,"288,131",12.4,D,D,10% to less than 20%,10% to less than 20%,30% to less than 40%
Michigan,3343,Audio and video equipment manufacturing,2021,"86,291",0.0,"12,398",0.0,"2,969",0.0,200,0.0,131,0.0,221,0.0,"5,129",0.0,D,D,"44,358",0.0,D,D,70% to less than 80%,Less than 10%,70% to less than 80%
Michigan,3344,Semiconductor and other electronic component manufacturing,2021,"879,911 (s)",66.0,"284,273",2.6,"68,708",7.8,"4,365",2.2,"2,672",2.2,"5,428",1.8,"124,420",3.4,"345,231 (s)",98.4,"529,754 (s)",46.4,D,D,Less than 10%,Less than 10%,20% to less than 30%
Minnesota,334,Computer and electronic product manufacturing,2021,"11,801,239",0.7,"3,043,068",0.6,"689,104",0.7,"34,645",0.8,"17,588",1.1,"35,976",0.9,"1,061,540",0.8,"4,328,028",0.7,"7,585,620",0.8,"514,510",0.4,40% to less than 50%,40% to less than 50%,50% to less than 60%
Minnesota,3341,Computer and peripheral equipment manufacturing,2021,"856,717",0.5,"308,713",0.2,"68,251",0.3,"2,840",0.2,770,0.8,"1,466",0.9,"45,993",1.1,"144,790",1.8,"710,991",0.2,D,D,10% to less than 20%,Less than 10%,Less than 10%
Minnesota,3342,Communications equipment manufacturing,2021,"397,405",0.0,"43,750",0.0,"11,052",0.0,561,0.0,268,0.0,592,0.0,"15,396",0.0,"186,965",0.0,"217,124",0.0,"2,826",0.0,20% to less than 30%,10% to less than 20%,20% to less than 30%
Minnesota,3343,Audio and video equipment manufacturing,2021,"62,781",0.0,"13,601",0.0,"3,584",0.0,225,0.0,111,0.0,213,0.0,"3,647",0.0,D,D,"35,269",0.0,D,D,Less than 10%,40% to less than 50%,30% to less than 40%
Minnesota,3344,Semiconductor and other electronic component manufacturing,2021,"2,655,551",2.0,"646,506",2.0,"158,548",2.8,"8,108",3.0,"5,527",2.9,"10,715",2.4,"329,593",1.9,"1,265,020",2.0,"1,459,128",2.2,"70,490",0.8,30% to less than 40%,20% to less than 30%,40% to less than 50%
Mississippi,334,Computer and electronic product manufacturing,2021,"717,686",0.0,"86,895",0.0,"21,616",0.0,"1,696",0.0,"1,063",0.0,"1,379",0.0,"27,944",0.0,"555,594",0.0,D,D,"2,288",0.0,80% to less than 90%,70% to less than 80%,80% to less than 90%
Mississippi,3341,Computer and peripheral equipment manufacturing,2021,D,D,D,D,D,D,100 to 249 employees,D,D,D,D,D,D,D,D,D,D,D,D,D,D,D,D
Mississippi,3342,Communications equipment manufacturing,2021,D,D,D,D,D,D,100 to 249 employees,D,D,D,D,D,D,D,D,D,D,D,D,D,D,D,D
Mississippi,3343,Audio and video equipment manufacturing,2021,D,D,D,D,D,D,20 to 99 employees,D,D,D,D,D,D,D,D,D,D,D,D,D,D,D,D
Mississippi,3344,Semiconductor and other electronic component manufacturing,2021,"63,216",0.0,"12,444",0.0,"3,112",0.0,250 to 499 employees,D,D,D,D,D,"7,297",0.0,D,D,D,D,D,D,70% to less than 80%,80% to less than 90%,D
Missouri,334,Computer and electronic product manufacturing,2021,"2,339,152",0.9,"475,725",0.9,"117,666",0.9,"6,022",0.9,"2,952",1.0,"5,490",1.5,"147,017",1.4,"911,998",0.8,"1,440,286",1.3,"40,337",0.9,50% to less than 60%,40% to less than 50%,60% to less than 70%
Missouri,3341,Computer and peripheral equipment manufacturing,2021,"109,800",0.0,"22,806",0.0,"5,413",0.0,187,0.0,70,0.0,D,D,"4,818",0.0,"50,500",0.0,"59,824",0.0,D,D,10% to less than 20%,Less than 10%,10% to less than 20%
Missouri,3342,Communications equipment manufacturing,2021,"793,667",0.0,"143,265",0.0,"33,844",0.0,"1,588",0.0,632,0.0,"1,287",0.0,"38,808",0.0,"372,051",0.0,"420,905",0.0,"7,456",0.0,50% to less than 60%,60% to less than 70%,80% to less than 90%
Missouri,3343,Audio and video equipment manufacturing,2021,D,D,D,D,D,D,20 to 99 employees,D,D,D,D,D,D,D,D,D,D,D,D,D,D,D,D
Missouri,3344,Semiconductor and other electronic component manufacturing,2021,"439,398",2.4,"99,074",0.3,"25,896",1.5,"1,501",0.4,899,0.4,"1,711",1.1,"37,941",1.2,"130,866",3.0,"311,161",2.6,D,D,20% to less than 30%,10% to less than 20%,20% to less than 30%
Montana,334,Computer and electronic product manufacturing,2021,"120,832",0.0,"26,471",0.0,"6,655",0.0,291,0.0,158,0.0,296,0.0,"8,781",0.0,D,D,D,D,"2,372",0.0,20% to less than 30%,Less than 10%,80% to less than 90%
Montana,3341,Computer and peripheral equipment manufacturing,2021,D,D,D,D,D,D,0 to 19 employees,D,D,D,D,D,D,D,D,D,D,D,D,D,D,D,D
Montana,3342,Communications equipment manufacturing,2021,"24,931",0.0,"8,371",0.0,"2,094",0.0,71,0.0,37,0.0,76,0.0,D,D,D,D,D,D,D,D,90% to 100%,Less than 10%,90% to 100%
Montana,3343,Audio and video equipment manufacturing,2021,D,D,D,D,D,D,0 to 19 employees,D,D,D,D,D,D,D,D,D,D,D,D,D,D,D,D
Montana,3344,Semiconductor and other electronic component manufacturing,2021,"26,274",0.0,D,D,D,D,69,0.0,D,D,65,0.0,D,D,D,D,D,D,D,D,Less than 10%,D,90% to 100%
Nebraska,334,Computer and electronic product manufacturing,2021,"951,191",0.0,"224,692",0.0,"55,565",0.0,"3,413",0.0,"2,009",0.0,"3,960",0.0,"85,474",0.0,"416,201",0.0,"554,422",0.0,"19,992",0.0,30% to less than 40%,10% to less than 20%,40% to less than 50%
Nebraska,3341,Computer and peripheral equipment manufacturing,2021,D,D,D,D,D,D,20 to 99 employees,D,D,D,D,D,D,D,D,D,D,D,D,D,D,D,D
Nebraska,3342,Communications equipment manufacturing,2021,"128,149",0.0,"14,058",0.0,"3,225",0.0,326,0.0,157,0.0,318,0.0,"4,663",0.0,D,D,D,D,980,0.0,80% to less than 90%,40% to less than 50%,80% to less than 90%
Nebraska,3344,Semiconductor and other electronic component manufacturing,2021,"328,078",0.0,"83,136",0.0,"20,995",0.0,"1,506",0.0,"1,035",0.0,"2,041",0.0,"45,335",0.0,"176,560",0.0,"161,988",0.0,D,D,10% to less than 20%,Less than 10%,Less than 10%
Nevada,334,Computer and electronic product manufacturing,2021,"3,131,297",7.1,"658,711",3.0,"163,757",3.0,"6,582",4.3,"5,063",3.3,"9,917",2.4,"509,021",1.2,"1,486,063",5.9,"1,677,365",8.0,"73,547",17.6,90% to 100%,80% to less than 90%,80% to less than 90%
Nevada,3341,Computer and peripheral equipment manufacturing,2021,D,D,D,D,D,D,44,0.0,D,D,28,0.0,"1,050",0.0,D,D,D,D,7,0.0,D,D,80% to less than 90%
Nevada,3342,Communications equipment manufacturing,2021,D,D,"9,212",0.0,"2,302",0.0,83,0.0,38,0.0,64,0.0,"3,103",0.0,"19,152",0.0,D,D,261,0.0,D,Less than 10%,90% to 100%
Nevada,3343,Audio and video equipment manufacturing,2021,D,D,D,D,299,0.0,22,0.0,D,D,D,D,627,0.0,D,D,D,D,D,D,D,D,30% to less than 40%
Nevada,3344,Semiconductor and other electronic component manufacturing,2021,"147,807",17.7,"35,044",9.1,"7,952",10.2,578,19.4,415,25.7,951,11.3,"20,033",11.0,"47,392",31.8,"100,395",18.0,D,D,Less than 10%,Less than 10%,30% to less than 40%
New Hampshire,334,Computer and electronic product manufacturing,2021,"4,490,136",1.8,"813,727",2.4,"201,693",2.8,"9,029",4.6,"4,720",6.0,"8,939",6.0,"321,227",3.3,"2,781,399",1.7,"1,784,244",2.3,"126,545",0.9,50% to less than 60%,20% to less than 30%,30% to less than 40%
New Hampshire,3341,Computer and peripheral equipment manufacturing,2021,"355,387",0.0,"95,029",0.0,"22,835",0.0,"1,072",0.0,278,0.0,493,0.0,"20,284",0.0,"131,576",0.0,"228,135",0.0,D,D,Less than 10%,80% to less than 90%,Less than 10%
New Hampshire,3342,Communications equipment manufacturing,2021,D,D,"18,283",0.0,"4,566",0.0,223,0.0,109,0.0,193,0.0,"5,285",0.0,D,D,D,D,D,D,D,40% to less than 50%,80% to less than 90%
New Hampshire,3343,Audio and video equipment manufacturing,2021,"106,028",0.0,D,D,D,D,183,0.0,107,0.0,165,0.0,D,D,"57,827",0.0,"50,226",0.0,720,0.0,Less than 10%,D,Less than 10%
New Hampshire,3344,Semiconductor and other electronic component manufacturing,2021,"1,126,558",6.6,"278,524",6.6,"64,870",7.8,"3,427",11.6,"1,923",14.4,"3,677",14.3,"122,250",8.5,"499,235",8.7,"682,609",5.3,"20,637",5.4,10% to less than 20%,10% to less than 20%,40% to less than 50%
New Jersey,334,Computer and electronic product manufacturing,2021,"7,864,666",1.9,"1,654,875",3.4,"413,463",3.5,"17,997",4.0,"8,019",5.1,"14,658",5.9,"452,758",4.1,"2,748,269",2.0,"5,182,212",1.9,"106,227",3.4,60% to less than 70%,40% to less than 50%,60% to less than 70%
New Jersey,3341,Computer and peripheral equipment manufacturing,2021,"73,186",0.0,"13,203",0.0,"3,319",0.0,188,0.0,113,0.0,215,0.0,"6,031",0.0,D,D,"39,323",0.0,D,D,30% to less than 40%,Less than 10%,80% to less than 90%
New Jersey,3342,Communications equipment manufacturing,2021,"288,465",22.5,"59,891 (s)",65.9,"16,011 (s)",68.0,673 (s),69.5,355 (s),65.3,558 (s),80.2,"20,912 (s)",60.3,"135,380",16.7,"147,875",29.0,"2,701",7.7,70% to less than 80%,30% to less than 40%,80% to less than 90%
New Jersey,3343,Audio and video equipment manufacturing,2021,"18,281",0.0,"4,476",0.0,"1,117",0.0,78,0.0,57,0.0,111,0.0,"2,556",0.0,D,D,"9,211",0.0,D,D,40% to less than 50%,Less than 10%,70% to less than 80%
New Jersey,3344,Semiconductor and other electronic component manufacturing,2021,"1,184,623",4.8,"285,552",5.4,"73,435",6.6,"4,014",9.5,"2,661",10.4,"4,654",10.9,"125,401",6.8,"408,317",7.1,"790,818",4.2,D,D,20% to less than 30%,30% to less than 40%,30% to less than 40%
New Mexico,334,Computer and electronic product manufacturing,2021,"1,805,388",0.8,"251,768",2.4,"62,471",2.2,"3,127",4.6,"1,967",5.8,"3,857",6.8,"135,498",2.4,"1,059,890",0.8,"791,542",0.9,D,D,70% to less than 80%,50% to less than 60%,70% to less than 80%
New Mexico,3341,Computer and peripheral equipment manufacturing,2021,D,D,D,D,D,D,0 to 19 employees,D,D,D,D,D,D,D,D,D,D,D,0,X,D,D,D
New Mexico,3342,Communications equipment manufacturing,2021,D,D,D,D,D,D,100 to 249 employees,D,D,D,D,D,D,D,D,D,D,D,D,D,D,D,D
New Mexico,3343,Audio and video equipment manufacturing,2021,D,D,D,D,D,D,100 to 249 employees,D,D,D,D,D,D,D,D,D,D,D,D,D,D,D,D
New Mexico,3344,Semiconductor and other electronic component manufacturing,2021,"1,565,491",0.4,"190,394",3.2,"48,224",2.8,"2,426",5.9,"1,586",7.2,"3,180",8.2,"113,091",2.7,"966,206",0.4,"643,433",0.8,D,D,80% to less than 90%,60% to less than 70%,80% to less than 90%
New York,334,Computer and electronic product manufacturing,2021,"15,103,041",1.2,"3,588,194",1.6,"893,977",1.8,"39,932",2.1,"18,460",2.4,"36,573",2.2,"1,163,298",1.8,"7,481,088",1.4,"7,553,926",2.1,"375,451",1.8,30% to less than 40%,20% to less than 30%,40% to less than 50%
New York,3341,Computer and peripheral equipment manufacturing,2021,"1,033,738",2.9,"439,839",0.4,"113,829",0.4,"3,935",0.8,638,2.7,"1,371",1.0,"30,172",2.5,"862,096",1.0,"166,029",13.4,D,D,Less than 10%,Less than 10%,Less than 10%
New York,3342,Communications equipment manufacturing,2021,"2,943,603",1.5,"618,232",1.3,"149,005",0.9,"6,644",2.5,"3,292",4.5,"6,622",7.1,"219,213",3.5,"1,476,774",2.3,"1,466,835",1.6,"68,230",2.1,60% to less than 70%,40% to less than 50%,60% to less than 70%
New York,3343,Audio and video equipment manufacturing,2021,"113,749",1.3,"32,522",35.0,"7,051",24.6,424,17.6,217,11.4,379,7.8,"5,923",10.5,"65,421",13.0,"43,671",33.5,D,D,70% to less than 80%,20% to less than 30%,50% to less than 60%
New York,3344,Semiconductor and other electronic component manufacturing,2021,"6,070,343",1.7,"1,291,826",2.4,"316,414",2.8,"15,535",2.9,"7,505",3.7,"14,687",3.3,"426,151",3.7,"2,756,366",1.8,"3,234,199",2.9,"113,071",4.1,10% to less than 20%,10% to less than 20%,30% to less than 40%
North Carolina,334,Computer and electronic product manufacturing,2021,"5,142,995",6.6,"1,293,538",5.8,"330,213",7.3,"13,164",5.9,"5,397",4.6,"10,490",4.7,"323,259",4.0,"2,086,917",4.9,"3,187,384",10.0,"103,388",7.3,40% to less than 50%,40% to less than 50%,40% to less than 50%
North Carolina,3341,Computer and peripheral equipment manufacturing,2021,"62,372",0.0,"16,718",0.0,"3,968",0.0,241,0.0,116,0.0,154,0.0,"5,720",0.0,D,D,"42,368",0.0,D,D,50% to less than 60%,Less than 10%,40% to less than 50%
North Carolina,3342,Communications equipment manufacturing,2021,"74,354 (s)",83.9,"49,049 (s)",44.0,"11,775 (s)",45.8,493 (s),53.1,213 (s),78.8,323 (s),99.6,"13,472 (s)",56.8,S,A,"51,423 (s)",86.8,"2,805 (s)",44.8,30% to less than 40%,10% to less than 20%,30% to less than 40%
North Carolina,3343,Audio and video equipment manufacturing,2021,"45,801",0.0,"9,265",0.0,"2,227",0.0,163,0.0,108,0.0,196,0.0,"3,507",0.0,D,D,"25,828",0.0,D,D,20% to less than 30%,10% to less than 20%,20% to less than 30%
North Carolina,3344,Semiconductor and other electronic component manufacturing,2021,"3,504,405",1.1,"842,141",0.8,"211,373",0.8,"7,430",1.7,"3,197",2.5,"6,214",2.4,"192,397",1.5,"1,476,836",0.5,"2,064,043",1.5,"67,696",0.4,40% to less than 50%,50% to less than 60%,60% to less than 70%
North Dakota,334,Computer and electronic product manufacturing,2021,"452,873",0.0,"91,825",0.0,"22,421",0.0,"1,183",0.0,410,0.0,991,0.0,"23,982",0.0,"315,691",0.0,D,D,"8,936",0.0,Less than 10%,10% to less than 20%,10% to less than 20%
North Dakota,3342,Communications equipment manufacturing,2021,D,D,D,D,D,D,0 to 19 employees,D,D,D,D,D,D,D,D,D,D,D,D,D,D,D,D
North Dakota,3343,Audio and video equipment manufacturing,2021,D,D,D,D,D,D,20 to 99 employees,D,D,D,D,D,D,D,D,D,D,D,D,D,D,D,D
North Dakota,3344,Semiconductor and other electronic component manufacturing,2021,D,D,"77,337",0.0,"19,178",0.0,984,0.0,303,0.0,760,0.0,D,D,D,D,"112,427",0.0,D,D,D,10% to less than 20%,10% to less than 20%
Ohio,334,Computer and electronic product manufacturing,2021,"8,800,168",0.8,"1,721,941",0.6,"453,461",0.9,"21,426",1.2,"11,014",2.3,"20,815",2.3,"540,488",1.8,"4,831,676",1.2,"3,927,245",1.4,"464,076",2.2,30% to less than 40%,30% to less than 40%,40% to less than 50%
Ohio,3341,Computer and peripheral equipment manufacturing,2021,"82,384",0.0,"32,666",0.0,"8,145",0.0,514,0.0,297,0.0,495,0.0,"14,595",0.0,"45,803",0.0,"37,322",0.0,"2,486",0.0,Less than 10%,Less than 10%,30% to less than 40%
Ohio,3342,Communications equipment manufacturing,2021,"584,706",0.0,"115,338",0.0,"28,719",0.0,"1,491",0.0,"1,085",0.0,"2,123",0.0,"78,524",0.0,"343,156",0.0,"263,476",0.0,"5,660",0.0,60% to less than 70%,70% to less than 80%,60% to less than 70%
Ohio,3343,Audio and video equipment manufacturing,2021,"61,563",0.0,"15,184",0.0,"3,140",0.0,205,0.0,68,0.0,131,0.0,"2,898",0.0,D,D,"31,179",0.0,D,D,Less than 10%,Less than 10%,20% to less than 30%
Ohio,3344,Semiconductor and other electronic component manufacturing,2021,"3,595,082",1.6,"437,641",1.7,"130,076",2.3,"7,222",2.8,"4,779",3.2,"9,191",3.4,"204,185",1.8,"2,472,562",1.7,"1,048,989",2.4,"375,983",1.7,Less than 10%,Less than 10%,20% to less than 30%
Oklahoma,334,Computer and electronic product manufacturing,2021,"1,515,860",2.7,"210,765",6.2,"51,624",8.3,"3,438",4.7,"2,008",3.7,"4,013",4.1,"91,264",4.8,"631,827",3.7,"903,828",2.9,D,D,10% to less than 20%,20% to less than 30%,30% to less than 40%
Oklahoma,3341,Computer and peripheral equipment manufacturing,2021,D,D,D,D,D,D,250 to 499 employees,D,D,D,D,D,D,D,D,D,D,D,D,D,D,D,D
Oklahoma,3342,Communications equipment manufacturing,2021,D,D,"22,309",0.0,"5,581",0.0,349,0.0,D,D,312,0.0,D,D,D,D,D,D,D,D,D,90% to 100%,90% to 100%
Oklahoma,3343,Audio and video equipment manufacturing,2021,D,D,D,D,D,D,100 to 249 employees,D,D,D,D,D,D,D,D,D,D,D,D,D,D,D,D
Oklahoma,3344,Semiconductor and other electronic component manufacturing,2021,"221,422",1.2,"39,587",8.0,"9,657",7.8,863,5.2,627,1.8,"1,429",4.2,"22,241",6.8,"128,417",1.8,"91,925",3.7,D,D,Less than 10%,Less than 10%,10% to less than 20%
Oregon,334,Computer and electronic product manufacturing,2021,"17,271,544",0.8,"3,248,364",0.4,"821,473",0.5,"30,326",0.5,"14,221",0.9,"23,604",1.0,"1,080,294",0.8,"8,110,627",0.7,"9,254,400",1.0,"988,687",0.1,20% to less than 30%,50% to less than 60%,10% to less than 20%
Oregon,3341,Computer and peripheral equipment manufacturing,2021,D,D,"73,542",0.0,"18,467",0.0,841,0.0,221,0.0,430,0.0,"9,027",0.0,D,D,D,D,D,D,D,80% to less than 90%,Less than 10%
Oregon,3342,Communications equipment manufacturing,2021,D,D,D,D,D,D,100 to 249 employees,D,D,D,65,0.0,D,D,D,D,D,D,D,D,D,D,D
Oregon,3343,Audio and video equipment manufacturing,2021,"239,996",0.0,"43,105",0.0,"10,732",0.0,553,0.0,203,0.0,432,0.0,"8,758",0.0,D,D,D,D,"2,263",0.0,60% to less than 70%,80% to less than 90%,80% to less than 90%
Oregon,3344,Semiconductor and other electronic component manufacturing,2021,"13,839,084",0.3,"2,542,959",0.5,"639,442",0.4,"23,336",0.4,"12,092",1.0,"19,815",1.2,"968,061",0.9,"6,307,614",0.5,"7,616,239",0.5,"943,418",0.1,10% to less than 20%,60% to less than 70%,Less than 10%
Pennsylvania,334,Computer and electronic product manufacturing,2021,"10,343,500",2.8,"1,921,615",2.5,"496,442",2.2,"25,467",4.4,"12,148",4.9,"23,160",3.7,"605,272",3.4,"4,249,019",1.9,"6,194,301",3.6,"171,369",2.5,20% to less than 30%,30% to less than 40%,40% to less than 50%
Pennsylvania,3341,Computer and peripheral equipment manufacturing,2021,"521,563",0.0,"101,791",0.0,"24,582",0.0,"1,406",0.0,667,0.0,"1,507",0.0,"41,946",0.0,"334,324",0.0,"188,849",0.0,"7,149",0.0,Less than 10%,10% to less than 20%,10% to less than 20%
Pennsylvania,3342,Communications equipment manufacturing,2021,"330,345",36.6,"94,711",37.8,"20,476",39.2,"1,561",27.3,854,21.8,"1,360",27.3,"38,432",30.0,"185,503",24.2,"147,824 (s)",51.9,D,D,40% to less than 50%,40% to less than 50%,60% to less than 70%
Pennsylvania,3343,Audio and video equipment manufacturing,2021,"14,713",0.0,"4,988",0.0,"1,174",0.0,79,0.0,39,0.0,66,0.0,"1,705",0.0,D,D,D,D,D,D,50% to less than 60%,50% to less than 60%,60% to less than 70%
Pennsylvania,3344,Semiconductor and other electronic component manufacturing,2021,"2,764,553",1.8,"529,196",2.6,"133,896",2.4,"8,719",4.5,"5,109",5.5,"9,851",6.0,"221,588",3.1,"1,296,560",1.3,"1,480,390",3.5,D,D,10% to less than 20%,10% to less than 20%,30% to less than 40%
Rhode Island,334,Computer and electronic product manufacturing,2021,"967,521",2.0,"317,874",2.2,"76,651",2.1,"3,457",3.5,"1,102",10.7,"2,333",8.5,"61,407",7.8,"320,724",2.0,"659,155",2.5,"103,039",1.2,70% to less than 80%,70% to less than 80%,80% to less than 90%
Rhode Island,3341,Computer and peripheral equipment manufacturing,2021,D,D,D,D,D,D,500 to 999 employees,D,D,D,D,D,D,D,D,D,D,D,D,D,D,D,D
Rhode Island,3342,Communications equipment manufacturing,2021,D,D,D,D,D,D,250 to 499 employees,D,D,D,D,D,D,D,D,D,D,D,D,D,D,D,D
Rhode Island,3343,Audio and video equipment manufacturing,2021,D,D,D,D,D,D,0 to 19 employees,D,D,D,D,D,D,D,D,D,D,D,D,D,D,D,D
Rhode Island,3344,Semiconductor and other electronic component manufacturing,2021,"92,800",0.0,"24,147",0.0,"5,792",0.0,378,0.0,233,0.0,433,0.0,"10,076",0.0,D,D,"49,270",0.0,D,D,Less than 10%,Less than 10%,70% to less than 80%
South Carolina,334,Computer and electronic product manufacturing,2021,"2,806,708",1.1,"274,349",2.1,"64,107",2.1,"3,936",2.5,"2,394",2.9,"4,848",3.4,"124,690",2.3,"1,710,032",0.7,D,D,"52,501",1.2,30% to less than 40%,10% to less than 20%,20% to less than 30%
South Carolina,3341,Computer and peripheral equipment manufacturing,2021,D,D,"17,183",0.0,"4,395",0.0,250,0.0,D,D,212,0.0,D,D,D,D,D,D,D,D,D,Less than 10%,10% to less than 20%
South Carolina,3342,Communications equipment manufacturing,2021,D,D,D,D,D,D,100 to 249 employees,D,D,D,D,D,"4,354",0.0,D,D,D,D,D,D,D,D,D
South Carolina,3343,Audio and video equipment manufacturing,2021,D,D,D,D,D,D,100 to 249 employees,D,D,D,D,D,D,D,D,D,D,D,D,D,D,D,D
South Carolina,3344,Semiconductor and other electronic component manufacturing,2021,"203,693",9.0,"72,699",7.8,"16,736",7.8,966,10.2,584,11.7,"1,203",10.9,"30,819",8.6,D,D,"153,911",8.6,D,D,Less than 10%,Less than 10%,Less than 10%
South Dakota,334,Computer and electronic product manufacturing,2021,"394,904",0.0,"96,808",0.0,"24,007",0.0,"1,736",0.0,"1,028",0.0,"1,750",0.0,"34,884",0.0,D,D,"217,728",0.0,"16,505",0.0,Less than 10%,Less than 10%,10% to less than 20%
South Dakota,3341,Computer and peripheral equipment manufacturing,2021,0,X,0,X,0,X,0,X,0,X,0,X,0,X,0,X,0,X,0,X,Less than 10%,Less than 10%,Less than 10%
South Dakota,3342,Communications equipment manufacturing,2021,0,X,0,X,0,X,0,X,0,X,0,X,0,X,0,X,0,X,0,X,Less than 10%,Less than 10%,Less than 10%
South Dakota,3344,Semiconductor and other electronic component manufacturing,2021,"220,010",0.0,"48,419",0.0,"11,815",0.0,"1,104",0.0,697,0.0,"1,156",0.0,"20,113",0.0,D,D,"113,942",0.0,D,D,10% to less than 20%,10% to less than 20%,20% to less than 30%
Tennessee,334,Computer and electronic product manufacturing,2021,"2,401,695",6.0,"360,047",5.7,"91,825",5.3,"5,831",3.5,"3,852",3.1,"8,302",2.7,"182,551",7.3,"1,205,600",4.8,"1,192,374",6.5,"182,891",0.4,20% to less than 30%,10% to less than 20%,20% to less than 30%
Tennessee,3341,Computer and peripheral equipment manufacturing,2021,"145,287",0.0,"20,771",0.0,"5,253",0.0,397,0.0,142,0.0,213,0.0,"4,740",0.0,D,D,"55,592",0.0,D,D,Less than 10%,Less than 10%,10% to less than 20%
Tennessee,3342,Communications equipment manufacturing,2021,"99,279",0.0,"29,759",0.0,"7,416",0.0,375,0.0,147,0.0,292,0.0,"10,146",0.0,D,D,"58,294",0.0,D,D,80% to less than 90%,80% to less than 90%,90% to 100%
Tennessee,3343,Audio and video equipment manufacturing,2021,"4,363",0.0,929,0.0,232,0.0,30,0.0,25,0.0,25,0.0,536,0.0,"2,048",0.0,D,D,22,0.0,60% to less than 70%,Less than 10%,90% to 100%
Tennessee,3344,Semiconductor and other electronic component manufacturing,2021,"951,415",0.0,"145,939",0.0,"34,982",0.0,"2,328",0.0,"2,039",0.0,"4,527",0.0,"100,493",0.0,"621,750",0.0,D,D,D,D,Less than 10%,Less than 10%,10% to less than 20%
Texas,334,Computer and electronic product manufacturing,2021,"29,426,376",1.4,"6,048,057",1.1,"1,732,683",1.0,"64,158",1.1,"28,597",1.1,"53,700",1.4,"1,643,871",1.0,"11,171,762",1.5,"18,513,930",1.4,"2,199,773",0.9,30% to less than 40%,30% to less than 40%,40% to less than 50%
Texas,3341,Computer and peripheral equipment manufacturing,2021,"1,013,217",5.0,"241,771",2.8,"53,815",3.5,"3,928",2.8,"2,042",2.9,"3,171",2.8,"74,594",3.4,"556,507",4.9,"457,414",5.2,"73,771",0.0,Less than 10%,20% to less than 30%,20% to less than 30%
Texas,3342,Communications equipment manufacturing,2021,"2,842,688",13.2,"448,529",13.6,"108,137",13.6,"4,603",10.8,"1,700",6.6,"3,266",6.5,"94,981",5.7,"1,502,025",9.4,"1,358,568",17.8,"29,186",12.1,20% to less than 30%,10% to less than 20%,20% to less than 30%
Texas,3343,Audio and video equipment manufacturing,2021,"259,891",5.5,"56,248",1.7,"13,971",2.3,649,2.2,382,1.9,765,2.3,"32,929",0.8,D,D,"151,363",8.0,"3,142",8.9,60% to less than 70%,70% to less than 80%,80% to less than 90%
Texas,3344,Semiconductor and other electronic component manufacturing,2021,"13,109,403",0.8,"2,777,806",0.7,"931,822",0.5,"25,938",1.2,"13,481",1.1,"24,921",1.1,"778,883",0.5,"4,782,758",0.9,"8,499,569",0.9,"1,781,302",0.4,10% to less than 20%,10% to less than 20%,10% to less than 20%
Utah,334,Computer and electronic product manufacturing,2021,"4,956,701",0.5,"1,079,200",1.7,"280,988",1.5,"13,847",1.0,"7,461",1.4,"13,205",1.2,"428,749",1.0,"2,494,346",1.2,"2,440,926",1.1,"117,460",2.6,50% to less than 60%,40% to less than 50%,40% to less than 50%
Utah,3341,Computer and peripheral equipment manufacturing,2021,"133,868",0.3,"26,557",0.4,"7,028",0.3,344,0.8,D,D,181,3.0,"4,602",2.1,"54,270",0.4,"80,543",0.3,"1,087",0.5,Less than 10%,Less than 10%,10% to less than 20%
Utah,3342,Communications equipment manufacturing,2021,"264,638",0.0,"59,896",0.0,"17,744",0.0,689,0.0,248,0.0,373,0.0,"11,082",0.0,"83,238",0.0,"188,607",0.0,D,D,10% to less than 20%,Less than 10%,30% to less than 40%
Utah,3343,Audio and video equipment manufacturing,2021,D,D,"21,703",0.0,"5,430",0.0,242,0.0,162,0.0,308,0.0,D,D,"57,915",0.0,D,D,D,D,D,70% to less than 80%,Less than 10%
Utah,3344,Semiconductor and other electronic component manufacturing,2021,"1,013,694",0.6,"229,183",0.6,"56,911",0.7,"3,147",0.9,"2,639",1.0,"4,169",1.3,"189,688",0.7,"320,135",3.3,"679,754",1.0,"33,452",3.3,10% to less than 20%,Less than 10%,20% to less than 30%
Vermont,334,Computer and electronic product manufacturing,2021,"1,395,765",0.0,"342,530",0.0,"82,130",0.0,"3,811",0.0,"1,429",0.0,"2,740",0.0,"86,184",0.0,"814,106",0.0,D,D,D,D,20% to less than 30%,Less than 10%,Less than 10%
Vermont,3342,Communications equipment manufacturing,2021,D,D,D,D,D,D,20 to 99 employees,D,D,D,47,0.0,D,D,D,D,D,D,D,D,D,D,D
Vermont,3344,Semiconductor and other electronic component manufacturing,2021,D,D,D,D,D,D,"1,000 to 2,499 employees",D,D,D,D,D,D,D,D,D,D,D,D,D,D,D,D
Virginia,334,Computer and electronic product manufacturing,2021,"4,224,908",0.8,"1,014,171",0.4,"255,848",0.6,"10,972",0.8,"6,510",1.7,"12,331",2.2,"476,203",1.3,"1,762,292",1.4,"2,472,939",0.8,"598,026",0.2,50% to less than 60%,40% to less than 50%,40% to less than 50%
Virginia,3341,Computer and peripheral equipment manufacturing,2021,"180,698",0.0,"30,803",0.0,"7,788",0.0,364,0.0,200,0.0,363,0.0,"11,922",0.0,"64,266",0.0,"121,929",0.0,D,D,70% to less than 80%,50% to less than 60%,90% to 100%
Virginia,3342,Communications equipment manufacturing,2021,"127,023",0.0,"41,660",0.0,"10,800",0.0,553,0.0,309,0.0,586,0.0,"17,080",0.0,"77,836",0.0,"59,284",0.0,D,D,80% to less than 90%,60% to less than 70%,90% to 100%
Virginia,3343,Audio and video equipment manufacturing,2021,"57,509",4.4,"15,596",4.5,"3,894",4.5,258,4.2,154,3.5,312,2.6,"6,467",3.0,"26,822",4.0,"30,744",4.7,D,D,Less than 10%,Less than 10%,90% to 100%
Virginia,3344,Semiconductor and other electronic component manufacturing,2021,"1,191,739",1.3,"294,332",0.8,"76,720",0.8,"3,538",2.1,"2,912",2.4,"5,525",3.3,"234,156",0.6,"582,725",2.3,"603,466",2.6,D,D,Less than 10%,Less than 10%,10% to less than 20%
Washington,334,Computer and electronic product manufacturing,2021,"7,290,621",6.3,"1,560,047",6.4,"385,574",7.8,"17,939",8.9,"8,955",6.1,"18,267",6.3,"532,872",4.8,D,D,"4,423,107",6.3,"177,225",1.4,30% to less than 40%,20% to less than 30%,30% to less than 40%
Washington,3341,Computer and peripheral equipment manufacturing,2021,"118,674",15.4,"38,657",3.6,"9,784",3.4,509,3.8,204,2.4,435,2.4,"13,080",2.1,D,D,"66,152",15.7,533,0.0,30% to less than 40%,30% to less than 40%,60% to less than 70%
Washington,3342,Communications equipment manufacturing,2021,"300,626",12.8,"67,877",5.4,"18,777",21.2,761,5.2,139,22.6,259,37.9,"8,865",13.0,D,D,"193,491",15.4,"1,115",17.1,10% to less than 20%,Less than 10%,20% to less than 30%
Washington,3343,Audio and video equipment manufacturing,2021,"151,658",0.0,"38,292",0.0,"9,365",0.0,605,0.0,252,0.0,495,0.0,"9,051",0.0,"64,151",0.0,"88,630",0.0,"1,796",0.0,70% to less than 80%,60% to less than 70%,50% to less than 60%
Washington,3344,Semiconductor and other electronic component manufacturing,2021,"2,547,361",1.6,"527,961",2.5,"124,961",2.4,"6,916",2.7,"4,299",2.9,"9,195",2.3,"258,007",2.7,D,D,"1,315,279",1.9,"111,864",1.1,20% to less than 30%,30% to less than 40%,30% to less than 40%
West Virginia,334,Computer and electronic product manufacturing,2021,"146,204",0.0,"36,667",0.0,"8,938",0.0,718,0.0,455,0.0,801,0.0,"15,752",0.0,D,D,D,D,"7,939",0.0,Less than 10%,Less than 10%,40% to less than 50%
West Virginia,3341,Computer and peripheral equipment manufacturing,2021,D,D,D,D,D,D,100 to 249 employees,D,D,D,D,D,D,D,D,D,D,D,D,D,D,D,D
West Virginia,3342,Communications equipment manufacturing,2021,0,X,0,X,0,X,0,X,0,X,0,X,0,X,0,X,0,X,0,X,Less than 10%,Less than 10%,Less than 10%
West Virginia,3343,Audio and video equipment manufacturing,2021,D,D,D,D,D,D,0 to 19 employees,D,D,D,D,D,D,D,D,D,D,D,D,D,D,D,D
West Virginia,3344,Semiconductor and other electronic component manufacturing,2021,"26,332",0.0,D,D,"1,983",0.0,165,0.0,152,0.0,217,0.0,D,D,"14,293",0.0,D,D,D,D,10% to less than 20%,D,90% to 100%
Wisconsin,334,Computer and electronic product manufacturing,2021,"6,656,925",0.8,"1,311,991",1.2,"321,047",1.3,"17,654",0.6,"9,397",1.0,"17,456",1.5,"507,841",1.2,"2,760,854",1.4,"3,909,508",0.8,"222,273",9.2,30% to less than 40%,30% to less than 40%,30% to less than 40%
Wisconsin,3341,Computer and peripheral equipment manufacturing,2021,"954,588",0.0,"128,382",0.0,"30,253",0.0,"1,678",0.0,822,0.0,"1,814",0.0,"52,824",0.0,"473,692",0.0,"491,964",0.0,"62,247",0.0,20% to less than 30%,Less than 10%,Less than 10%
Wisconsin,3342,Communications equipment manufacturing,2021,"125,093",0.0,"53,072",0.0,"17,555",0.0,599,0.0,282,0.0,567,0.0,"18,807",0.0,"66,972",0.0,"61,473",0.0,"1,985",0.0,10% to less than 20%,Less than 10%,20% to less than 30%
Wisconsin,3343,Audio and video equipment manufacturing,2021,D,D,D,D,D,D,250 to 499 employees,D,D,D,281,0.0,"4,609",0.0,D,D,D,D,D,D,D,D,D
Wisconsin,3344,Semiconductor and other electronic component manufacturing,2021,"1,172,719",3.5,"301,344",3.9,"76,078",3.2,"5,386",1.4,"3,557",2.2,"6,294",3.6,"160,318",3.5,"690,043",4.9,"473,381",3.3,"21,544",29.0,20% to less than 30%,20% to less than 30%,20% to less than 30%
Wyoming,334,Computer and electronic product manufacturing,2021,D,D,"23,455",0.0,"5,806",0.0,270,0.0,124,0.0,253,0.0,"6,669",0.0,D,D,"62,260",0.0,D,D,D,Less than 10%,70% to less than 80%
Wyoming,3341,Computer and peripheral equipment manufacturing,2021,D,D,D,D,D,D,20 to 99 employees,D,D,D,D,D,D,D,D,D,D,D,D,D,D,D,D
Wyoming,3342,Communications equipment manufacturing,2021,D,D,D,D,D,D,0 to 19 employees,D,D,D,D,D,D,D,D,D,D,D,0,X,D,D,D
Wyoming,3344,Semiconductor and other electronic component manufacturing,2021,D,D,D,D,D,D,20 to 99 employees,D,48,0.0,D,D,D,D,D,D,D,D,D,D,D,D,D