Geographic Area Name,2017 NAICS code,Meaning of NAICS Code,Year,"Sales, value of shipments, or revenue ($1,000)","Relative standard error for estimate of sales, value of shipments, or revenue (%)","Annual payroll ($1,000)",Relative standard error for estimate of annual payroll (%),"First-quarter payroll ($1,000)",Relative standard error for estimate of first-quarter payroll (%),Number of employees,Relative standard error for estimate of number of employees (%),Production workers for pay period including March 12,Relative standard error for estimate of production workers for pay period including March 12 (%),"Production workers annual hours (1,000)",Relative standard error for estimate of production workers annual hours (%),"Production workers annual wages ($1,000)",Relative standard error for estimate of production workers annual wages (%),"Total cost of materials ($1,000)",Relative standard error for estimate of total cost of materials (%),"Value added ($1,000)",Relative standard error for estimate of value added (%),"Total capital expenditures (new and used) ($1,000)",Relative standard error for estimate of total capital expenditures (new and used) (%),"Range indicating percent of total sales, value of shipments, or revenue imputed",Range indicating percent of total annual payroll imputed,Range indicating percent of total employees imputed
Alabama,3364,Aerospace product and parts manufacturing,2021,"2,263,642",0.1,"414,199",0.1,"104,065",0.3,"5,668",0.1,"3,737",0.1,"6,994",0.2,"245,259",0.1,"837,175",0.2,"1,391,267",0.6,"106,172",0,60% to less than 70%,40% to less than 50%,30% to less than 40%
Alaska,3364,Aerospace product and parts manufacturing,2021,D,D,"2,625",0,659,0,42,0,27,0,37,0,"1,284",0,D,D,D,D,D,D,D,Less than 10%,70% to less than 80%
Arizona,3364,Aerospace product and parts manufacturing,2021,"13,949,075",0.5,"2,125,073",0.7,"540,538",0.9,"22,568",1.2,"9,666",2.5,"18,177",1.9,"643,976",2.4,"7,070,209",0.6,"7,137,043",0.5,"201,099",1.4,30% to less than 40%,60% to less than 70%,50% to less than 60%
Arkansas,3364,Aerospace product and parts manufacturing,2021,"2,636,734",1.1,"320,094",2.8,"75,385",5.2,"4,301",0.9,"2,964",0,"5,080",2.7,"178,705",1.9,"1,526,603",0.2,"1,121,925",2.8,"25,905",10,60% to less than 70%,60% to less than 70%,60% to less than 70%
California,3364,Aerospace product and parts manufacturing,2021,"26,532,382",0.6,"6,640,905",0.7,"1,389,348",0.9,"58,455",1.7,"29,435",3.3,"58,828",3,"2,392,915",1.7,"15,160,393",0.5,"11,436,092",1.3,"463,517",0.8,40% to less than 50%,20% to less than 30%,30% to less than 40%
Colorado,3364,Aerospace product and parts manufacturing,2021,D,D,D,D,D,D,"7,142",0,"5,540",0,D,D,D,D,D,D,D,D,D,D,D,D,90% to 100%
Connecticut,3364,Aerospace product and parts manufacturing,2021,"17,848,707",1.2,"3,322,167",1.5,"873,235",0.8,"31,366",2.1,"12,424",2.7,"23,191",2.5,"1,070,286",2,"5,869,640",4.4,"11,859,999",0.7,D,D,40% to less than 50%,40% to less than 50%,30% to less than 40%
Delaware,3364,Aerospace product and parts manufacturing,2021,D,D,D,D,D,D,100 to 249 employees,D,D,D,D,D,D,D,D,D,D,D,D,D,D,D,D
Florida,3364,Aerospace product and parts manufacturing,2021,"4,091,789",2.1,"1,070,721",1.8,"257,170",1.6,"11,341",1.3,"5,064",2,"9,546",2.5,"370,499",3.5,"2,064,731",2.5,"2,036,812",2.2,"74,399",3.4,50% to less than 60%,40% to less than 50%,50% to less than 60%
Georgia,3364,Aerospace product and parts manufacturing,2021,"12,878,945",0.2,"1,680,898",0.4,"407,661",0.4,"16,034",1.3,"9,768",2.1,"19,422",0.9,"771,346",1,"6,116,725",0.2,"6,320,941",0.3,"175,853",0,30% to less than 40%,30% to less than 40%,30% to less than 40%
Hawaii,3364,Aerospace product and parts manufacturing,2021,D,D,D,D,D,D,0 to 19 employees,D,D,D,D,D,D,D,D,D,D,D,D,D,D,D,D
Idaho,3364,Aerospace product and parts manufacturing,2021,"123,285",0,"30,497",0,"7,421",0,551,0,377,0,624,0,"17,355",0,D,D,"62,893",0,"4,465",0,10% to less than 20%,Less than 10%,30% to less than 40%
Illinois,3364,Aerospace product and parts manufacturing,2021,"1,218,019",0.9,"299,823",1.6,"75,518",1.7,"3,544",1.9,"1,149",3.9,"2,226",5.9,"67,590",5.8,D,D,"699,720",1.1,"31,834",2,70% to less than 80%,Less than 10%,70% to less than 80%
Indiana,3364,Aerospace product and parts manufacturing,2021,"2,942,643",0.8,"482,268",0.3,"124,789",0.6,"5,292",3.1,"2,211",6.2,"4,272",4.6,"183,555",0.7,"971,842",0.7,"2,046,079",1.6,"48,481",4.8,10% to less than 20%,20% to less than 30%,30% to less than 40%
Iowa,3364,Aerospace product and parts manufacturing,2021,"400,465",0,"122,777",0,"30,621",0,"1,529",0,761,0,"1,180",0,"61,902",0,"202,023",0,D,D,D,D,70% to less than 80%,70% to less than 80%,60% to less than 70%
Kansas,3364,Aerospace product and parts manufacturing,2021,"7,174,373",1.6,"1,925,494",1.1,"527,680",0.9,"24,121",1.3,"18,353",1.7,"31,919",1.3,"1,181,071",1.2,"4,134,654",1.3,"3,012,739",2.7,"205,592",2.7,10% to less than 20%,10% to less than 20%,10% to less than 20%
Kentucky,3364,Aerospace product and parts manufacturing,2021,"695,332",0,"112,408",0,"26,327",0,"1,560",0,"1,155",0,"1,987",0,"69,674",0,"459,430",0,D,D,"20,435",0,10% to less than 20%,50% to less than 60%,30% to less than 40%
Louisiana,3364,Aerospace product and parts manufacturing,2021,D,D,D,D,D,D,250 to 499 employees,D,D,D,D,D,D,D,D,D,"20,106",0,D,D,D,D,D
Maine,3364,Aerospace product and parts manufacturing,2021,D,D,D,D,D,D,"1,000 to 2,499 employees",D,D,D,D,D,D,D,D,D,D,D,D,D,D,D,D
Maryland,3364,Aerospace product and parts manufacturing,2021,"1,186,647",0,"186,447",0,"46,342",0,"2,034",0,"1,017",0,"2,088",0,"48,053",0,"638,535",0,D,D,"21,853",0,30% to less than 40%,50% to less than 60%,30% to less than 40%
Massachusetts,3364,Aerospace product and parts manufacturing,2021,"859,477",1.1,"391,764",0.2,"97,153",0.1,"3,728",0.4,"2,269",0.3,"4,485",0.5,"193,340",0.2,"443,946",1.5,D,D,"24,657",0.1,80% to less than 90%,80% to less than 90%,90% to 100%
Michigan,3364,Aerospace product and parts manufacturing,2021,"1,356,241",0.9,"328,838",0.1,"79,092",1,"4,361",0.1,"2,458",0.1,"4,599",0.1,"155,059",0.2,"555,548",1,"804,972",1,"17,398",0,20% to less than 30%,10% to less than 20%,30% to less than 40%
Minnesota,3364,Aerospace product and parts manufacturing,2021,"759,554",1,"151,913",0.6,"37,761",0.6,"2,082",1.1,D,D,"1,415",4.6,"52,890",2.2,"579,425",0.3,D,D,"13,564",10.3,80% to less than 90%,70% to less than 80%,80% to less than 90%
Mississippi,3364,Aerospace product and parts manufacturing,2021,D,D,D,D,D,D,100 to 249 employees,D,D,D,D,D,D,D,D,D,D,D,D,D,D,D,D
Missouri,3364,Aerospace product and parts manufacturing,2021,"8,415,447",0.4,"1,591,737",0.6,"462,342",0.4,"16,818",0.8,"9,357",1,"11,429",0.9,"852,776",0.4,"4,776,964",0.2,"3,634,026",0.6,"57,421",4.2,Less than 10%,Less than 10%,Less than 10%
Montana,3364,Aerospace product and parts manufacturing,2021,"39,863",0,"18,922",0,"4,743",0,298,0,220,0,365,0,D,D,"20,413",0,D,D,D,D,20% to less than 30%,Less than 10%,30% to less than 40%
Nebraska,3364,Aerospace product and parts manufacturing,2021,"228,694",0,"51,086",0,"11,097",0,837,0,480,0,722,0,"23,136",0,"128,877",0,D,D,D,D,10% to less than 20%,Less than 10%,20% to less than 30%
Nevada,3364,Aerospace product and parts manufacturing,2021,"128,172",7.3,"20,671",11.1,"4,776",12,262,8.3,201,6.7,470,5.2,"12,576",8.8,D,D,"76,277",6.4,D,D,20% to less than 30%,Less than 10%,40% to less than 50%
New Hampshire,3364,Aerospace product and parts manufacturing,2021,"383,561",1,"104,100",1.7,"22,455",1.9,"1,391",1.7,"1,064",1.5,"2,036",2.3,"73,523",1.4,D,D,"196,254",1.6,D,D,Less than 10%,Less than 10%,10% to less than 20%
New Jersey,3364,Aerospace product and parts manufacturing,2021,"304,907",0,"57,614",0,"14,480",0,729,0,489,0,792,0,"33,510",0,D,D,D,D,"9,986",0,20% to less than 30%,20% to less than 30%,40% to less than 50%
New Mexico,3364,Aerospace product and parts manufacturing,2021,D,D,"17,467",0,"3,692",0,363,0,145,0,250,0,"6,513",0,D,D,D,D,D,D,D,Less than 10%,20% to less than 30%
New York,3364,Aerospace product and parts manufacturing,2021,"2,068,423",3.6,"532,957",4.4,"129,734",5.3,"5,686",6.9,"3,644",8,"6,927",5.7,"329,124",4.5,"851,177",3.4,"1,207,791",4.2,"67,173",8.2,30% to less than 40%,20% to less than 30%,30% to less than 40%
North Carolina,3364,Aerospace product and parts manufacturing,2021,"1,788,043",1.3,"389,809",2.3,"86,043",0.1,"5,006",0.3,"3,052",0.5,"4,598",1.6,"199,186",0.1,"941,230",2.2,"691,415",0.2,"55,426",2.9,30% to less than 40%,10% to less than 20%,20% to less than 30%
North Dakota,3364,Aerospace product and parts manufacturing,2021,D,D,D,D,D,D,250 to 499 employees,D,D,D,D,D,D,D,D,D,D,D,D,D,D,D,D
Ohio,3364,Aerospace product and parts manufacturing,2021,"5,903,952",0.9,"1,162,833",1.3,"271,906",1.6,"12,738",1.3,"6,498",2.2,"11,885",2.5,"440,928",2.3,"2,593,432",1.6,"3,308,541",0.8,"110,022",12,70% to less than 80%,10% to less than 20%,10% to less than 20%
Oklahoma,3364,Aerospace product and parts manufacturing,2021,"981,143",7.6,"233,303",7.1,"60,941",4.1,"3,857",3.9,"3,078",1.8,"4,782",3.6,"159,445",2.8,"665,874",9.1,D,D,"31,089",0,60% to less than 70%,40% to less than 50%,50% to less than 60%
Oregon,3364,Aerospace product and parts manufacturing,2021,"434,039",0.2,"185,999",0.2,"47,056",0.2,"2,600",0.2,"2,021",0.1,"3,047",0.2,"128,591",0.2,"294,681",0.1,D,D,"22,021",0.1,30% to less than 40%,Less than 10%,20% to less than 30%
Pennsylvania,3364,Aerospace product and parts manufacturing,2021,"3,236,695",1.5,"589,090",1.9,"159,041",1.7,"6,495",2.2,"4,053",2.2,"6,933",2,"353,234",1.6,"2,436,552",0.9,"833,338",3.2,"10,886",0,10% to less than 20%,10% to less than 20%,20% to less than 30%
Rhode Island,3364,Aerospace product and parts manufacturing,2021,D,D,D,D,D,D,0 to 19 employees,D,D,D,D,D,D,D,D,D,D,D,0,X,D,D,D
South Carolina,3364,Aerospace product and parts manufacturing,2021,"2,470,176",0,"538,054",0,"146,108",0,"6,702",0,"3,789",0,"6,742",0,"243,236",0,D,D,D,D,"9,085",0,10% to less than 20%,Less than 10%,Less than 10%
South Dakota,3364,Aerospace product and parts manufacturing,2021,D,D,D,D,D,D,133,0,D,D,D,D,D,D,D,D,"15,629",0,D,D,D,D,30% to less than 40%
Tennessee,3364,Aerospace product and parts manufacturing,2021,"336,871",0,"84,934",0,"21,261",0,"1,304",0,887,0,"1,387",0,"46,864",0,"266,651",0,D,D,D,D,50% to less than 60%,40% to less than 50%,50% to less than 60%
Texas,3364,Aerospace product and parts manufacturing,2021,"25,102,505",3.5,"4,252,991",1.6,"1,050,376",2.6,"40,913",1.9,"17,121",2.2,"32,438",2.3,"1,273,949",2.9,"10,269,092",7.4,"14,389,360",2.2,"1,109,659",10.2,80% to less than 90%,60% to less than 70%,60% to less than 70%
Utah,3364,Aerospace product and parts manufacturing,2021,"1,938,380",1.9,"473,919",1.6,"116,908",1.6,"5,851",1.8,"4,482",1.7,"8,668",1.7,"315,286",1.4,"1,387,266",1,D,D,"122,331",0.1,60% to less than 70%,60% to less than 70%,30% to less than 40%
Vermont,3364,Aerospace product and parts manufacturing,2021,D,D,D,D,D,D,"1,000 to 2,499 employees",D,D,D,D,D,D,D,D,D,D,D,D,D,D,D,D
Virginia,3364,Aerospace product and parts manufacturing,2021,"1,744,658",0,"351,777",0,"90,885",0,"3,476",0,"2,837",0,"5,020",0,"260,690",0,"1,275,779",0,D,D,"45,010",0,80% to less than 90%,60% to less than 70%,50% to less than 60%
Washington,3364,Aerospace product and parts manufacturing,2021,"26,657,574",0.6,"6,202,330",0.8,"1,651,440",1.3,"68,514",1.4,"41,029",0.8,"66,084",1,"2,914,169",0.9,"14,297,333",0.3,D,D,"406,947",0.4,Less than 10%,Less than 10%,Less than 10%
West Virginia,3364,Aerospace product and parts manufacturing,2021,"1,134,215",0,"171,259",0,"42,930",0,"2,044",0,"1,663",0,"3,334",0,"132,618",0,D,D,"287,647",0,D,D,40% to less than 50%,60% to less than 70%,50% to less than 60%
Wisconsin,3364,Aerospace product and parts manufacturing,2021,"556,093",0,"111,473",0,"26,245",0,"1,415",0,"1,112",0,"2,089",0,"82,390",0,"257,840",0,D,D,"3,636",0,20% to less than 30%,10% to less than 20%,30% to less than 40%
Wyoming,3364,Aerospace product and parts manufacturing,2021,D,D,D,D,D,D,41,0,D,D,D,D,D,D,D,D,D,D,D,D,D,D,90% to 100%