Geographic Area Name,2017 NAICS code,Meaning of NAICS Code,Year,"Sales, value of shipments, or revenue ($1,000)","Relative standard error for estimate of sales, value of shipments, or revenue (%)","Annual payroll ($1,000)",Relative standard error for estimate of annual payroll (%),"First-quarter payroll ($1,000)",Relative standard error for estimate of first-quarter payroll (%),Number of employees,Relative standard error for estimate of number of employees (%),Production workers for pay period including March 12,Relative standard error for estimate of production workers for pay period including March 12 (%),"Production workers annual hours (1,000)",Relative standard error for estimate of production workers annual hours (%),"Production workers annual wages ($1,000)",Relative standard error for estimate of production workers annual wages (%),"Total cost of materials ($1,000)",Relative standard error for estimate of total cost of materials  (%),"Value added ($1,000)",Relative standard error for estimate of value added (%),"Total capital expenditures (new and used) ($1,000)",Relative standard error for estimate of total capital expenditures (new and used)  (%),"Range indicating percent of total sales, value of shipments, or revenue imputed",Range indicating percent of total annual payroll imputed,Range indicating percent of total employees imputed
Alabama,3345,"Navigational, measuring, electromedical, and control instruments manufacturing",2021,"1,190,555",4.0,"270,224",7.2,"66,898",9.9,"3,241",2.4,"1,842",2.8,"3,032",3.7,"109,429",10.8,"382,870",30.2,"829,910",21.9,"15,167",0.0,40% to less than 50%,50% to less than 60%,20% to less than 30%
Alabama,3391,Medical equipment and supplies manufacturing,2021,"754,058",24.0,"149,638",6.7,"36,629",7.1,"3,226",15.8,"2,327",8.2,"4,188",8.7,"105,195",7.5,"278,301",20.9,"486,956",25.9,"17,856",34.0,10% to less than 20%,10% to less than 20%,30% to less than 40%
Alaska,3345,"Navigational, measuring, electromedical, and control instruments manufacturing",2021,D,D,D,D,D,D,20 to 99 employees,D,20,0.0,D,D,D,D,D,D,D,D,D,D,D,D,D
Alaska,3391,Medical equipment and supplies manufacturing,2021,D,D,"6,272",29.9,D,D,100 to 249 employees,D,D,D,175,29.0,"4,148",31.8,D,D,D,D,D,D,D,20% to less than 30%,D
Arizona,3345,"Navigational, measuring, electromedical, and control instruments manufacturing",2021,"2,393,445",3.8,"499,002",3.5,"121,412",3.6,"5,390",4.3,"1,646",4.8,"3,154",4.7,"105,967",3.8,"951,167",4.6,"1,459,876",3.1,"19,487",7.2,80% to less than 90%,60% to less than 70%,70% to less than 80%
Arizona,3391,Medical equipment and supplies manufacturing,2021,"3,524,555",0.4,"685,711",0.2,"168,282",0.5,"7,415",0.9,"4,056",1.2,"6,896",2.3,"186,744",0.3,"758,923",0.2,"2,777,480",0.4,"40,353",9.7,10% to less than 20%,Less than 10%,20% to less than 30%
Arkansas,3345,"Navigational, measuring, electromedical, and control instruments manufacturing",2021,"695,506",0.0,"119,089",0.0,"29,667",0.0,"1,483",0.0,"1,426",0.0,"2,814",0.0,"114,512",0.0,"216,847",0.0,"491,065",0.0,D,D,90% to 100%,80% to less than 90%,80% to less than 90%
Arkansas,3391,Medical equipment and supplies manufacturing,2021,"217,515",6.5,"59,008",8.3,"15,368",8.6,"1,266",7.7,919,8.5,"1,640",6.8,"34,472",7.7,"76,218",3.4,"141,862",8.1,"6,655",12.5,40% to less than 50%,30% to less than 40%,40% to less than 50%
California,3345,"Navigational, measuring, electromedical, and control instruments manufacturing",2021,"30,459,843",1.1,"7,399,592",0.8,"1,884,568",0.9,"70,051",1.0,"25,168",2.1,"48,663",2.3,"1,624,431",2.0,"11,282,186",1.4,"19,471,885",1.1,"1,200,263",9.5,60% to less than 70%,50% to less than 60%,60% to less than 70%
California,3391,Medical equipment and supplies manufacturing,2021,"17,405,399",0.7,"4,349,774",0.9,"1,100,871",1.1,"49,596",1.2,"27,336",1.4,"51,925",1.6,"1,323,792",1.4,"5,984,317",0.9,"11,428,866",0.8,"420,736",1.4,50% to less than 60%,20% to less than 30%,40% to less than 50%
Colorado,3345,"Navigational, measuring, electromedical, and control instruments manufacturing",2021,"2,307,973",3.9,"638,165",3.7,"153,362",4.0,"6,291",5.7,"1,936",10.6,"3,807",6.6,"118,148",5.6,"606,259",10.3,"1,761,242",3.2,"56,660",5.3,20% to less than 30%,20% to less than 30%,30% to less than 40%
Colorado,3391,Medical equipment and supplies manufacturing,2021,"2,057,367",1.7,"256,225",2.4,"62,012",2.0,"3,716",2.5,"2,323",3.1,"4,519",3.2,"102,442",4.8,"546,317",4.2,"1,511,414",0.8,"24,431",0.0,60% to less than 70%,30% to less than 40%,60% to less than 70%
Connecticut,3345,"Navigational, measuring, electromedical, and control instruments manufacturing",2021,"3,688,015",1.6,"729,383",3.7,"178,225",4.1,"8,070",6.3,"3,227",14.5,"6,053",15.5,"224,707",9.9,"1,197,165",3.6,"2,496,652",1.5,"86,531",2.7,40% to less than 50%,20% to less than 30%,40% to less than 50%
Connecticut,3391,Medical equipment and supplies manufacturing,2021,"1,319,940",6.8,"197,280",13.0,"50,270",12.3,"2,861",22.5,"2,132",21.2,"4,778",17.4,"108,419",18.0,"371,742",5.5,"947,896",7.2,"44,572",23.9,60% to less than 70%,40% to less than 50%,50% to less than 60%
Delaware,3345,"Navigational, measuring, electromedical, and control instruments manufacturing",2021,"659,603",0.4,"146,529",0.1,"35,239",0.1,"1,333",0.1,489,0.1,713,0.1,"37,635",0.2,"175,410",0.3,"484,881",0.5,"9,036",0.1,10% to less than 20%,10% to less than 20%,20% to less than 30%
Delaware,3391,Medical equipment and supplies manufacturing,2021,D,D,"40,486",0.0,"10,237",0.0,620,0.0,D,D,708,0.0,D,D,D,D,D,D,D,D,D,90% to 100%,90% to 100%
District of Columbia,3391,Medical equipment and supplies manufacturing,2021,D,D,D,D,D,D,0 to 19 employees,D,D,D,D,D,D,D,D,D,D,D,0,X,D,D,D
Florida,3345,"Navigational, measuring, electromedical, and control instruments manufacturing",2021,"7,006,671",1.6,"1,627,949",1.2,"398,158",1.4,"18,669",1.4,"7,535",3.0,"13,766",3.5,"369,814",5.6,"2,592,822",1.0,"4,422,436",2.2,"103,629",13.6,60% to less than 70%,50% to less than 60%,70% to less than 80%
Florida,3391,Medical equipment and supplies manufacturing,2021,"6,116,882",1.8,"1,162,879",3.0,"291,819",3.0,"16,333",3.2,"9,766",3.8,"18,913",3.7,"513,726",3.0,"2,173,360",1.6,"3,952,042",2.0,"377,521",30.0,40% to less than 50%,20% to less than 30%,50% to less than 60%
Georgia,3345,"Navigational, measuring, electromedical, and control instruments manufacturing",2021,"1,246,983",1.8,"313,987",2.5,"84,398",2.0,"3,801",1.4,"1,635",2.8,"3,420",3.1,"90,541",2.7,"496,788",1.0,"758,002",3.2,"7,556",14.3,50% to less than 60%,30% to less than 40%,50% to less than 60%
Georgia,3391,Medical equipment and supplies manufacturing,2021,"1,490,868",2.3,"373,090",2.5,"88,444",2.1,"5,746",3.8,"4,323",4.2,"8,004",3.4,"240,124",2.5,"600,478",1.9,"883,022",2.7,"29,359",17.3,60% to less than 70%,10% to less than 20%,60% to less than 70%
Hawaii,3345,"Navigational, measuring, electromedical, and control instruments manufacturing",2021,D,D,D,D,D,D,20 to 99 employees,D,28,0.0,49,0.0,D,D,D,D,D,D,D,D,D,D,D
Hawaii,3391,Medical equipment and supplies manufacturing,2021,D,D,"7,330",0.0,"1,725",0.0,180,0.0,129,0.0,244,0.0,"5,255",0.0,D,D,D,D,39,0.0,D,80% to less than 90%,90% to 100%
Idaho,3345,"Navigational, measuring, electromedical, and control instruments manufacturing",2021,"496,819",0.0,"57,543",0.0,"14,314",0.0,906,0.0,517,0.0,932,0.0,"23,967",0.0,"139,904",0.0,"353,894",0.0,"3,413",0.0,80% to less than 90%,10% to less than 20%,10% to less than 20%
Idaho,3391,Medical equipment and supplies manufacturing,2021,"72,395",25.6,"23,506",21.8,"5,950",28.6,588,22.6,503,26.5,851,39.0,"19,165",27.2,"18,403",25.8,"54,158",25.5,D,D,10% to less than 20%,Less than 10%,30% to less than 40%
Illinois,3345,"Navigational, measuring, electromedical, and control instruments manufacturing",2021,"4,287,541",3.2,"754,187",5.6,"190,491",6.6,"8,431",6.4,"3,608",8.0,"7,281",8.0,"208,149",5.6,"1,836,303",2.4,"2,457,325",3.9,"62,698",0.6,30% to less than 40%,30% to less than 40%,50% to less than 60%
Illinois,3391,Medical equipment and supplies manufacturing,2021,"1,905,327",3.5,"385,388",4.8,"96,775",4.6,"6,793",6.5,"4,611",7.3,"8,531",7.5,"182,993",7.3,"609,182",3.3,"1,317,985",3.6,"33,359",21.9,70% to less than 80%,40% to less than 50%,70% to less than 80%
Indiana,3345,"Navigational, measuring, electromedical, and control instruments manufacturing",2021,"1,417,033",3.2,"335,012",6.8,"80,636",7.0,"4,816",6.3,"2,771",6.6,"5,304",4.3,"129,941",6.5,"578,362",0.6,"831,036",5.4,"50,041",0.5,20% to less than 30%,20% to less than 30%,40% to less than 50%
Indiana,3391,Medical equipment and supplies manufacturing,2021,"6,533,598",1.5,"843,964",4.1,"208,862",3.7,"14,001",4.2,"10,200",4.4,"20,430",4.8,"502,452",4.4,"2,746,376",1.3,"3,824,602",1.8,"211,217",7.7,40% to less than 50%,30% to less than 40%,40% to less than 50%
Iowa,3345,"Navigational, measuring, electromedical, and control instruments manufacturing",2021,"4,668,503",0.1,"1,078,142",0.1,"214,333",0.1,"10,394",0.1,"1,991",0.2,"3,659",0.4,D,D,"1,169,596",0.5,"3,573,611",0.2,D,D,20% to less than 30%,10% to less than 20%,10% to less than 20%
Iowa,3391,Medical equipment and supplies manufacturing,2021,"188,520",5.5,"52,873",6.4,"11,783",8.9,"1,069",9.2,678,20.1,"1,023",32.9,"24,768",16.3,"67,040",3.6,"120,977",7.0,"4,014 (s)",41.1,30% to less than 40%,10% to less than 20%,30% to less than 40%
Kansas,3345,"Navigational, measuring, electromedical, and control instruments manufacturing",2021,"3,126,186",0.1,"580,327",0.1,"129,515",0.1,"5,759",0.2,"1,248",0.6,"2,507",0.6,"80,124",0.2,"1,584,960",0.1,D,D,D,D,20% to less than 30%,90% to 100%,90% to 100%
Kansas,3391,Medical equipment and supplies manufacturing,2021,"251,951",13.8,"67,020",13.7,"15,316",16.2,"1,259",15.7,924,14.4,"1,902",11.5,"42,000",19.6,D,D,"150,283",8.7,"3,084",24.4,10% to less than 20%,Less than 10%,10% to less than 20%
Kentucky,3345,"Navigational, measuring, electromedical, and control instruments manufacturing",2021,D,D,"21,481",0.3,"5,061",1.9,359,14.0,176,7.1,353,10.0,"9,376",19.0,D,D,D,D,D,D,D,40% to less than 50%,50% to less than 60%
Kentucky,3391,Medical equipment and supplies manufacturing,2021,"296,558",33.1,"81,607",34.7,"20,359 (s)",49.4,"1,488",34.2,"1,109",35.8,"2,161",37.8,"44,320",39.7,"104,808",28.8,"200,213",36.8,"16,453 (s)",43.3,70% to less than 80%,Less than 10%,30% to less than 40%
Louisiana,3345,"Navigational, measuring, electromedical, and control instruments manufacturing",2021,"276,628 (s)",56.3,"44,675",39.0,"14,912 (s)",51.8,661,33.5,439 (s),43.7,853 (s),49.0,"26,272 (s)",41.0,"128,759 (s)",73.1,"149,655 (s)",42.0,"8,223",37.7,10% to less than 20%,60% to less than 70%,30% to less than 40%
Louisiana,3391,Medical equipment and supplies manufacturing,2021,"44,486",22.7,"17,496",24.4,"4,351",25.1,336,31.8,316,22.5,564,22.1,"14,140",21.4,"15,704",4.2,D,D,"8,632 (s)",87.9,30% to less than 40%,Less than 10%,40% to less than 50%
Maine,3345,"Navigational, measuring, electromedical, and control instruments manufacturing",2021,D,D,"87,360",0.0,"24,635",0.0,"1,145",0.0,743,0.0,"1,690",0.0,"49,210",0.0,"348,231",0.0,D,D,D,D,D,Less than 10%,10% to less than 20%
Maine,3391,Medical equipment and supplies manufacturing,2021,"48,550",0.0,"12,680",0.0,"3,312",0.0,260,0.0,185,0.0,323,0.0,"7,242",0.0,D,D,"30,979",0.0,212,0.0,70% to less than 80%,60% to less than 70%,90% to 100%
Maryland,3345,"Navigational, measuring, electromedical, and control instruments manufacturing",2021,"6,314,438",0.4,"1,145,085",0.2,"292,613",0.3,"9,684",0.4,"2,329",0.6,"4,281",0.6,"210,958",0.3,"1,766,397",0.6,"4,587,675",0.3,"104,866",0.0,70% to less than 80%,70% to less than 80%,80% to less than 90%
Maryland,3391,Medical equipment and supplies manufacturing,2021,"1,070,566",0.1,"121,604",0.2,"30,233",0.2,"2,132",0.3,"1,482",0.2,"2,835",0.2,"67,750",0.3,"330,163",0.1,"739,685",0.1,"10,429",0.0,90% to 100%,70% to less than 80%,90% to 100%
Massachusetts,3345,"Navigational, measuring, electromedical, and control instruments manufacturing",2021,"12,201,078",1.0,"2,729,101",1.5,"718,664",1.0,"27,219",1.1,"10,306",2.1,"21,220",1.6,"620,055",1.9,"4,539,429",1.3,"7,748,707",1.1,"455,032",2.4,50% to less than 60%,30% to less than 40%,60% to less than 70%
Massachusetts,3391,Medical equipment and supplies manufacturing,2021,"3,231,052",2.6,"639,412",3.9,"152,656",3.7,"8,952",5.4,"5,506",6.2,"10,528",5.8,"304,700",4.4,"1,410,886",2.0,"1,841,003",3.2,"91,625",1.6,20% to less than 30%,40% to less than 50%,60% to less than 70%
Michigan,3345,"Navigational, measuring, electromedical, and control instruments manufacturing",2021,"2,392,521",1.1,"657,967",1.1,"161,974",0.8,"7,972",1.6,"3,020",3.2,"5,863",3.8,"165,605",3.7,"815,215",1.3,"1,581,995",1.3,D,D,40% to less than 50%,30% to less than 40%,40% to less than 50%
Michigan,3391,Medical equipment and supplies manufacturing,2021,"3,401,616",2.0,"540,216",4.1,"136,484",4.6,"7,701",5.1,"4,825",6.5,"10,309",7.0,"215,632",6.6,"1,292,093",1.5,"2,133,085",2.5,"90,261 (s)",50.0,80% to less than 90%,70% to less than 80%,80% to less than 90%
Minnesota,3345,"Navigational, measuring, electromedical, and control instruments manufacturing",2021,"7,787,705",0.8,"2,020,955",0.7,"445,116",0.4,"22,770",0.4,"10,802",0.9,"22,782",0.8,"661,399",0.9,"2,687,816",0.5,"5,138,081",1.0,"378,136",0.5,50% to less than 60%,60% to less than 70%,60% to less than 70%
Minnesota,3391,Medical equipment and supplies manufacturing,2021,"5,948,534",1.1,"1,225,075",1.9,"311,232",2.0,"17,964",1.9,"10,801",2.2,"20,279",2.2,"524,807",1.8,"1,953,797",1.0,"4,024,296",1.1,"671,247",0.4,70% to less than 80%,50% to less than 60%,40% to less than 50%
Mississippi,3345,"Navigational, measuring, electromedical, and control instruments manufacturing",2021,"540,311",0.0,"56,560",0.0,"14,184",0.0,964,0.0,592,0.0,525,0.0,"16,232",0.0,D,D,D,D,"1,792",0.0,80% to less than 90%,80% to less than 90%,90% to 100%
Mississippi,3391,Medical equipment and supplies manufacturing,2021,"134,960",21.0,"39,449",8.2,"9,623",8.2,750,8.3,558,6.3,"1,059",6.9,"23,598",9.9,"38,085",15.8,"95,285",31.5,"2,359",24.0,30% to less than 40%,Less than 10%,50% to less than 60%
Missouri,3345,"Navigational, measuring, electromedical, and control instruments manufacturing",2021,"970,956",1.8,"202,946",2.0,"50,736",2.0,"2,590",2.0,"1,231",2.3,"2,116",3.8,"61,043",3.3,"348,847",1.9,"632,788",2.8,"11,867",2.9,70% to less than 80%,50% to less than 60%,70% to less than 80%
Missouri,3391,Medical equipment and supplies manufacturing,2021,"1,344,519",2.9,"279,515",3.3,"68,459",3.9,"4,634",2.9,"2,902",3.4,"5,586",3.9,"134,920",4.3,"486,834",1.8,"866,976",3.7,"55,782",0.5,60% to less than 70%,30% to less than 40%,50% to less than 60%
Montana,3345,"Navigational, measuring, electromedical, and control instruments manufacturing",2021,"69,282",0.0,"11,713",0.0,"2,962",0.0,146,0.0,81,0.0,151,0.0,"3,766",0.0,D,D,"58,390",0.0,"2,268",0.0,Less than 10%,Less than 10%,70% to less than 80%
Montana,3391,Medical equipment and supplies manufacturing,2021,"80,600",21.8,"14,760 (s)",41.6,"4,326",27.8,481,13.1,414,21.7,622,15.0,"10,139",19.4,D,D,D,D,"16,746 (s)",76.2,40% to less than 50%,Less than 10%,40% to less than 50%
Nebraska,3345,"Navigational, measuring, electromedical, and control instruments manufacturing",2021,"478,251",0.0,"120,857",0.0,"29,814",0.0,"1,455",0.0,732,0.0,"1,474",0.0,"32,400",0.0,"188,971",0.0,"295,004",0.0,"5,787",0.0,40% to less than 50%,20% to less than 30%,70% to less than 80%
Nebraska,3391,Medical equipment and supplies manufacturing,2021,"2,485,112",0.8,"284,930",1.9,"68,636",1.7,"4,895",2.3,"3,687",3.0,"8,446",2.4,"170,908",2.9,"523,690",2.5,"1,957,437",0.4,"89,494",15.0,80% to less than 90%,60% to less than 70%,60% to less than 70%
Nevada,3345,"Navigational, measuring, electromedical, and control instruments manufacturing",2021,"2,900,910",7.6,"604,023",3.2,"151,048",3.2,"5,790",4.5,"4,523",2.8,"8,754",2.4,D,D,"1,399,969",6.2,"1,533,028",8.7,"51,145",3.0,90% to 100%,90% to 100%,80% to less than 90%
Nevada,3391,Medical equipment and supplies manufacturing,2021,"112,149",11.8,"33,908",5.5,"9,216",27.5,630,16.7,505,18.4,942,11.0,"19,743",3.7,"40,279",19.8,"72,028",9.6,"1,277",0.0,70% to less than 80%,50% to less than 60%,90% to 100%
New Hampshire,3345,"Navigational, measuring, electromedical, and control instruments manufacturing",2021,"2,841,356",1.2,"408,541",1.9,"105,926",2.3,"4,119",2.9,"2,299",2.6,"4,402",2.2,"168,476",1.5,"2,060,743",0.9,"793,683",2.6,"98,681",0.4,80% to less than 90%,20% to less than 30%,40% to less than 50%
New Hampshire,3391,Medical equipment and supplies manufacturing,2021,"775,570",7.0,"268,860",18.0,"68,346",18.1,"3,662",6.8,"2,104",6.0,"3,993",7.0,"80,976",6.5,"256,089",7.9,"518,900",6.7,"7,509",32.8,70% to less than 80%,10% to less than 20%,60% to less than 70%
New Jersey,3345,"Navigational, measuring, electromedical, and control instruments manufacturing",2021,"6,236,416",1.9,"1,270,858",2.9,"314,379",2.6,"12,665",3.1,"4,565",4.3,"8,585",6.3,"286,132",3.8,"2,137,724",1.9,"4,153,499",2.0,"76,408",3.6,70% to less than 80%,50% to less than 60%,70% to less than 80%
New Jersey,3391,Medical equipment and supplies manufacturing,2021,"4,009,327",3.2,"577,906",3.1,"141,768",3.5,"6,786",3.3,"4,170",3.6,"8,297",3.2,"216,816",3.1,"1,738,976",2.1,"2,366,494",4.0,"30,746",0.8,70% to less than 80%,50% to less than 60%,60% to less than 70%
New Mexico,3345,"Navigational, measuring, electromedical, and control instruments manufacturing",2021,"90,853",14.5,"25,899",3.4,"6,291",0.7,272,4.8,144,3.6,259,2.0,"9,021",12.0,"31,371",25.0,"59,629",7.9,D,D,70% to less than 80%,30% to less than 40%,80% to less than 90%
New Mexico,3391,Medical equipment and supplies manufacturing,2021,"482,976",0.7,"41,182",2.2,"10,250",0.3,966,1.1,675,0.4,"1,311",1.2,"22,900",6.0,D,D,"157,633",1.1,D,D,90% to 100%,20% to less than 30%,40% to less than 50%
New York,3345,"Navigational, measuring, electromedical, and control instruments manufacturing",2021,"4,882,868",2.9,"1,169,808",3.3,"296,123",4.3,"12,942",4.7,"6,297",4.8,"12,512",3.7,"452,151",2.8,"2,277,510",3.7,"2,627,699",4.4,"73,635",5.3,50% to less than 60%,40% to less than 50%,50% to less than 60%
New York,3391,Medical equipment and supplies manufacturing,2021,"2,808,500",1.8,"818,331",1.4,"201,252",1.6,"11,817",2.3,"7,906",2.7,"14,832",2.7,"343,150",3.1,"1,145,771",1.9,"1,656,672",2.0,"66,561",6.2,70% to less than 80%,60% to less than 70%,70% to less than 80%
North Carolina,3345,"Navigational, measuring, electromedical, and control instruments manufacturing",2021,"1,453,609",22.8,"375,208",19.2,"100,578",23.4,"4,819",14.9,"1,751",9.5,"3,580",9.4,"107,491",9.5,"541,456",16.2,"1,002,437",31.5,"30,125",24.8,20% to less than 30%,10% to less than 20%,30% to less than 40%
North Carolina,3391,Medical equipment and supplies manufacturing,2021,"2,122,965",8.1,"378,175",3.5,"97,084",3.8,"7,385",5.7,"4,786",5.2,"8,490",4.1,"184,504",3.8,"854,082",7.7,"1,284,021",8.9,"35,079",8.7,40% to less than 50%,20% to less than 30%,40% to less than 50%
North Dakota,3345,"Navigational, measuring, electromedical, and control instruments manufacturing",2021,D,D,"12,276",0.0,"2,693",0.0,164,0.0,85,0.0,192,0.0,D,D,D,D,D,D,D,D,D,Less than 10%,30% to less than 40%
North Dakota,3391,Medical equipment and supplies manufacturing,2021,D,D,"4,458",3.4,"1,253",3.0,83,5.1,51,4.2,94,2.3,"2,231",3.4,D,D,D,D,"1,958",0.0,D,Less than 10%,Less than 10%
Ohio,3345,"Navigational, measuring, electromedical, and control instruments manufacturing",2021,"4,356,371",1.0,"1,106,527",0.8,"279,895",1.0,"11,735",1.5,"4,666",4.2,"8,653",4.0,"235,984",3.8,"1,921,243",2.1,"2,443,961",2.1,"74,953",10.6,60% to less than 70%,40% to less than 50%,40% to less than 50%
Ohio,3391,Medical equipment and supplies manufacturing,2021,"2,771,126",3.2,"602,067",2.6,"168,137",2.9,"9,648",3.0,"6,668",3.3,"11,796",3.1,"271,910",3.7,"912,624",6.8,"1,851,308",2.6,"44,402",5.0,50% to less than 60%,30% to less than 40%,40% to less than 50%
Oklahoma,3345,"Navigational, measuring, electromedical, and control instruments manufacturing",2021,"542,165",7.5,"117,665",10.7,"29,489",14.4,"1,755",8.9,920,7.9,"1,637",9.2,"42,620",9.7,"190,592",12.1,"356,520",7.3,D,D,20% to less than 30%,20% to less than 30%,30% to less than 40%
Oklahoma,3391,Medical equipment and supplies manufacturing,2021,"362,612",0.2,"49,284",2.0,"10,467",24.4,762,23.4,638,3.5,"1,270",7.3,"28,356",5.1,"200,472",0.4,"167,458",0.8,"2,383",0.0,30% to less than 40%,40% to less than 50%,70% to less than 80%
Oregon,3345,"Navigational, measuring, electromedical, and control instruments manufacturing",2021,"1,760,213",7.4,"572,119",1.0,"149,720",2.3,"5,400",1.8,"1,648",1.3,"2,838",1.8,"91,759",2.7,"641,864",6.9,"1,115,638",8.1,"39,402",1.4,40% to less than 50%,Less than 10%,10% to less than 20%
Oregon,3391,Medical equipment and supplies manufacturing,2021,"1,124,635",2.1,"299,613",3.6,"71,040",3.4,"4,213",5.8,"2,712",7.9,"5,090",8.9,"136,836",7.8,"364,789",6.0,"776,281",2.2,"13,261",24.1,30% to less than 40%,30% to less than 40%,60% to less than 70%
Pennsylvania,3345,"Navigational, measuring, electromedical, and control instruments manufacturing",2021,"6,693,223",3.9,"1,189,168",2.3,"315,902",2.1,"13,646",7.1,"5,432",9.1,"10,299",4.7,"300,355",5.1,"2,420,734",2.7,"4,355,301",4.7,"111,655",2.7,20% to less than 30%,40% to less than 50%,40% to less than 50%
Pennsylvania,3391,Medical equipment and supplies manufacturing,2021,"3,626,677",5.4,"649,887",10.7,"165,206",14.8,"10,971",12.2,"6,953",12.9,"12,988",11.3,"293,822",14.3,"1,408,500",9.4,"2,338,373",6.6,"190,612",0.9,30% to less than 40%,10% to less than 20%,50% to less than 60%
Rhode Island,3345,"Navigational, measuring, electromedical, and control instruments manufacturing",2021,"584,673",3.4,"207,172",3.4,"50,182",3.3,"2,181",5.6,508,23.2,"1,169",17.0,"29,893",16.1,"171,970",3.7,"421,996",3.9,"95,371",1.3,80% to less than 90%,80% to less than 90%,90% to 100%
Rhode Island,3391,Medical equipment and supplies manufacturing,2021,"322,822",0.6,"66,757",0.7,"16,688",1.5,"1,452",1.7,998,2.2,"1,877",2.4,"45,870",5.4,"97,301",0.8,"225,231",0.6,"1,945",0.0,90% to 100%,70% to less than 80%,90% to 100%
South Carolina,3345,"Navigational, measuring, electromedical, and control instruments manufacturing",2021,"1,369,736",1.8,"161,606",0.2,"37,357",0.8,"2,258",0.2,"1,334",1.2,"2,737",3.7,"74,362",1.2,D,D,"712,946",2.9,"30,875",2.0,60% to less than 70%,20% to less than 30%,30% to less than 40%
South Carolina,3391,Medical equipment and supplies manufacturing,2021,"660,837",0.9,"133,810",1.8,"33,166",2.2,"2,417",1.7,"1,791",2.2,"3,296",0.4,"86,735",2.2,D,D,"491,214",0.9,"13,558",5.0,90% to 100%,30% to less than 40%,90% to 100%
South Dakota,3345,"Navigational, measuring, electromedical, and control instruments manufacturing",2021,"174,894",0.0,"48,389",0.0,"12,192",0.0,632,0.0,331,0.0,594,0.0,"14,771",0.0,D,D,"103,786",0.0,D,D,Less than 10%,Less than 10%,Less than 10%
South Dakota,3391,Medical equipment and supplies manufacturing,2021,D,D,"101,427",2.0,"24,300",2.1,"1,572",2.6,"1,094",2.9,"2,604",2.1,"67,013",2.1,D,D,D,D,D,D,D,Less than 10%,10% to less than 20%
Tennessee,3345,"Navigational, measuring, electromedical, and control instruments manufacturing",2021,"1,149,182",12.5,"150,275",13.7,"41,015",11.9,"2,418",8.4,"1,289",9.4,"2,824",7.8,"56,859",23.3,"413,676",14.1,"737,373",10.4,"158,007",0.4,30% to less than 40%,Less than 10%,30% to less than 40%
Tennessee,3391,Medical equipment and supplies manufacturing,2021,"3,610,647",3.8,"598,473",6.6,"141,672",8.7,"6,881",10.6,"3,788",12.3,"7,905",11.7,"212,307",9.2,"870,237",5.4,"2,754,779",3.3,"69,948",7.1,50% to less than 60%,60% to less than 70%,60% to less than 70%
Texas,3345,"Navigational, measuring, electromedical, and control instruments manufacturing",2021,"11,768,645",0.9,"2,494,425",1.0,"617,406",1.1,"28,674",1.1,"10,799",2.3,"21,202",3.0,"648,743",2.4,"4,017,968",1.7,"7,792,994",1.1,"310,035",5.5,60% to less than 70%,60% to less than 70%,70% to less than 80%
Texas,3391,Medical equipment and supplies manufacturing,2021,"3,847,286",1.2,"782,189",1.8,"192,032",2.1,"12,306",2.5,"7,711",2.8,"14,400",2.5,"337,049",2.5,"1,382,734",2.0,"2,489,686",2.3,"66,857",8.2,70% to less than 80%,60% to less than 70%,70% to less than 80%
Utah,3345,"Navigational, measuring, electromedical, and control instruments manufacturing",2021,"3,382,785",0.7,"738,827",2.5,"193,116",2.2,"9,378",1.4,"4,295",2.4,"8,094",1.8,"212,782",2.0,"1,977,114",1.4,"1,389,059",1.9,"60,183",4.8,60% to less than 70%,60% to less than 70%,60% to less than 70%
Utah,3391,Medical equipment and supplies manufacturing,2021,"3,687,167",2.1,"732,792",4.0,"156,199",5.1,"10,951",3.3,"7,207",5.2,"13,855",5.4,"355,532",6.5,"1,222,099",1.2,"2,419,708",3.0,"68,974",3.3,40% to less than 50%,40% to less than 50%,40% to less than 50%
Vermont,3345,"Navigational, measuring, electromedical, and control instruments manufacturing",2021,D,D,"126,033",0.0,"28,911",0.0,"1,462",0.0,D,D,D,D,D,D,D,D,D,D,"7,553",0.0,D,Less than 10%,10% to less than 20%
Vermont,3391,Medical equipment and supplies manufacturing,2021,"78,819",35.6,"27,150",15.1,"6,949",14.3,515,13.2,398,13.3,763,14.0,D,D,D,D,"57,952",36.2,35,0.0,90% to 100%,80% to less than 90%,90% to 100%
Virginia,3345,"Navigational, measuring, electromedical, and control instruments manufacturing",2021,"2,617,508",1.1,"617,799",0.6,"153,146",0.9,"6,096",0.8,"2,809",3.1,"5,304",3.6,"195,588",3.2,"992,998",2.0,"1,624,150",0.8,D,D,70% to less than 80%,50% to less than 60%,50% to less than 60%
Virginia,3391,Medical equipment and supplies manufacturing,2021,"430,243",7.2,"137,852",4.1,"30,932",4.8,"2,370",7.3,"1,629",10.5,"3,263",5.6,"72,461",5.7,"147,469",13.5,"297,450",4.3,"17,605",4.2,40% to less than 50%,30% to less than 40%,50% to less than 60%
Washington,3345,"Navigational, measuring, electromedical, and control instruments manufacturing",2021,"4,159,733",11.0,"883,191",11.3,"221,666",13.4,"9,082",17.5,"4,010",13.3,"7,793",14.4,"241,314",10.2,"1,442,986",13.7,"2,751,526",10.0,"61,694",3.4,40% to less than 50%,20% to less than 30%,30% to less than 40%
Washington,3391,Medical equipment and supplies manufacturing,2021,"763,205",2.8,"258,389",1.9,"59,624",3.0,"3,887",2.3,"2,607",3.4,"4,559",5.6,"107,038",4.0,D,D,D,D,"28,877",17.2,40% to less than 50%,20% to less than 30%,50% to less than 60%
West Virginia,3345,"Navigational, measuring, electromedical, and control instruments manufacturing",2021,"68,496",0.0,"19,366",0.0,"4,398",0.0,390,0.0,225,0.0,D,D,"7,679",0.0,D,D,"44,921",0.0,D,D,10% to less than 20%,Less than 10%,10% to less than 20%
West Virginia,3391,Medical equipment and supplies manufacturing,2021,"268,049",0.0,"48,847",0.0,"12,212",0.0,797,0.0,618,0.0,"1,208",0.0,"27,290",0.0,D,D,"219,021",0.0,"3,279",0.0,90% to 100%,90% to 100%,90% to 100%
Wisconsin,3345,"Navigational, measuring, electromedical, and control instruments manufacturing",2021,"4,270,366",0.7,"802,027",1.3,"190,754",1.7,"9,551",0.8,"4,540",1.1,"8,399",1.5,"268,886",0.8,"1,463,336",1.2,"2,816,574",0.9,"135,260",14.3,30% to less than 40%,40% to less than 50%,40% to less than 50%
Wisconsin,3391,Medical equipment and supplies manufacturing,2021,"1,247,927",2.9,"317,460",2.9,"75,271",3.4,"5,732",3.9,"3,932",4.8,"7,071",5.7,"155,879",4.9,"393,305",3.5,"858,885",3.0,"54,720",10.6,20% to less than 30%,10% to less than 20%,30% to less than 40%
Wyoming,3345,"Navigational, measuring, electromedical, and control instruments manufacturing",2021,D,D,"18,436",0.0,"4,610",0.0,173,0.0,D,D,122,0.0,D,D,D,D,D,D,D,D,D,Less than 10%,90% to 100%
Wyoming,3391,Medical equipment and supplies manufacturing,2021,D,D,D,D,795,0.0,50,0.0,22,0.0,D,D,D,D,D,D,D,D,119,0.0,D,D,90% to 100%